FolderTest\20190418-080745\microsoft-r\r\how-to-revoscaler-generalized-linear-model.md,1,Successful
FolderTest\20190418-080745\microsoft-r\python-reference\revoscalepy\rx-privacy-control.md,1,Successful
FolderTest\20190418-080745\microsoft-r\deployr\deployr-installing-configuring.md,1,Successful
FolderTest\20190418-080745\microsoft-r\python-reference\revoscalepy\rx-partition.md,1,Successful
FolderTest\20190418-080745\microsoft-r\operationalize\python\how-to-consume-web-services-async.md,1,Successful
FolderTest\20190418-080745\microsoft-r\what-is-r-client-r-server.md,1,Successful
FolderTest\20190418-080745\microsoft-r\r-reference\sqlrutils\outputdata.md,1,Successful
FolderTest\20190418-080745\microsoft-r\r-reference\revoscaler\rximport.md,1,Successful
FolderTest\20190418-080745\microsoft-r\install\python-libraries-interpreter.md,1,Successful
FolderTest\20190418-080745\microsoft-r\python-reference\revoscalepy\rx-set-compute-context.md,1,Successful
FolderTest\20190418-080745\microsoft-r\python\quickstart-python-tools.md,1,Successful
FolderTest\20190418-080745\microsoft-r\r-reference\revoscaler\rxhadoopcommand.md,1,Successful
FolderTest\20190418-080745\microsoft-r\r-reference\microsoftml\categoricalhash.md,1,Successful
FolderTest\20190418-080745\microsoft-r\r\how-to-revoscaler-spark.md,1,Successful
FolderTest\20190418-080745\microsoft-r\deployr\deployr-installation.md,1,Successful
FolderTest\20190418-080745\microsoft-r\r-reference\microsoftml\neuralnet.md,1,Successful
FolderTest\20190418-080745\microsoft-r\install\machine-learning-server-windows-uninstall.md,1,Successful
FolderTest\20190418-080745\microsoft-r\python-reference\microsoftml\smoothed-hinge-loss.md,1,Successful
FolderTest\20190418-080745\microsoft-r\r-reference\microsoftml\rxHashEnv.md,1,Successful
FolderTest\20190418-080745\microsoft-r\python-reference\revoscalepy\rx-create-col-info.md,1,Successful
FolderTest\20190418-080745\microsoft-r\r\r-samples.md,1,Successful
FolderTest\20190418-080745\microsoft-r\python\how-to-revoscalepy.md,1,Successful
FolderTest\20190418-080745\microsoft-r\r-reference\microsoftml\resizeimage.md,1,Successful
FolderTest\20190418-080745\microsoft-r\operationalize\configure-admin-cli-compute-uris.md,1,Successful
FolderTest\20190418-080745\microsoft-r\deployr\deployr-whats-new.md,1,Successful
FolderTest\20190418-080745\microsoft-r\r-reference\mrsdeploy\resume.md,1,Successful
FolderTest\20190418-080745\microsoft-r\python-reference\revoscalepy\rx-hadoop-copy.md,1,Successful
FolderTest\20190418-080745\microsoft-r\deployr\deployr-admin-configure-high-availability.md,1,Successful
FolderTest\20190418-080745\microsoft-r\r-reference\revoscaler\rxsqlserverdata.md,1,Successful
FolderTest\20190418-080745\microsoft-r\r-reference\mrsdeploy\loadsnapshot.md,1,Successful
FolderTest\20190418-080745\microsoft-r\python-reference\microsoftml\rx-fast-forest.md,1,Successful
FolderTest\20190418-080745\microsoft-r\r\how-to-revoscaler-boosting.md,1,Successful
FolderTest\20190418-080745\microsoft-r\r-reference\revoscaler\censusworkers.md,1,Successful
FolderTest\20190418-080745\microsoft-r\python-reference\azureml-model-management-sdk\service-response.md,1,Successful
FolderTest\20190418-080745\microsoft-r\deployr\deployr-security-server-access.md,1,Successful
FolderTest\20190418-080745\microsoft-r\operationalize\concept-what-are-web-services.md,1,Successful
FolderTest\20190418-080745\microsoft-r\r-reference\revoscaler\rxcanceljob.md,1,Successful
FolderTest\20190418-080745\microsoft-r\r-reference\revoscaler\rxgetjobinfo.md,1,Successful
FolderTest\20190418-080745\microsoft-r\r\sample-built-in-data.md,1,Successful
FolderTest\20190418-080745\microsoft-r\resources-more.md,1,Successful
FolderTest\20190418-080745\microsoft-r\install\machine-learning-server-windows-commandline.md,1,Successful
FolderTest\20190418-080745\microsoft-r\r-reference\revoscaler\rxlocalseq-class.md,1,Successful
FolderTest\20190418-080745\microsoft-r\r-reference\revoscaler\rxsetinfo.md,1,Successful
FolderTest\20190418-080745\microsoft-r\r\how-to-revoscaler-decision-forest.md,1,Successful
FolderTest\20190418-080745\microsoft-r\python-reference\revoscalepy\rx-spark-cache-data.md,1,Successful
FolderTest\20190418-080745\microsoft-r\operationalize\configure-r-execution-security.md,1,Successful
FolderTest\20190418-080745\microsoft-r\r-reference\revoscaler\rxdistributejob.md,1,Successful
FolderTest\20190418-080745\microsoft-r\r\tutorial-revoscaler-large-data-census.md,1,Successful
FolderTest\20190418-080745\microsoft-r\r-reference\revoscaler\rxpackage.md,1,Successful
FolderTest\20190418-080745\microsoft-r\install\r-server-install-cloudera.md,1,Successful
FolderTest\20190418-080745\microsoft-r\python-reference\revoscalepy\rx-exec.md,1,Successful
FolderTest\20190418-080745\microsoft-r\r-reference\revoscaler\rxriskratio.md,1,Successful
FolderTest\20190418-080745\microsoft-r\r-reference\revoscaler\claims.md,1,Successful
FolderTest\20190418-080745\microsoft-r\deployr\deployr-tools-and-samples.md,1,Successful
FolderTest\20190418-080745\microsoft-r\r-reference\microsoftml\selectColumns.md,1,Successful
FolderTest\20190418-080745\microsoft-r\python\tutorial-revoscalepy-pyspark.md,1,Successful
FolderTest\20190418-080745\microsoft-r\operationalize\configure-machine-learning-server-one-box-9-2.md,1,Successful
FolderTest\20190418-080745\microsoft-r\r-reference\revoscaler\rxsparkcachedata.md,1,Successful
FolderTest\20190418-080745\microsoft-r\python-reference\revoscalepy\rx-predict-default.md,1,Successful
FolderTest\20190418-080745\microsoft-r\r-reference\revoscaler\rxexecutesqlddl.md,1,Successful
FolderTest\20190418-080745\microsoft-r\deployr\deployr-application-developer-getting-started.md,1,Successful
FolderTest\20190418-080745\microsoft-r\r-reference\revoscaler\censusus5pct2000.md,1,Successful
FolderTest\20190418-080745\microsoft-r\r\how-to-revoscaler-data-source.md,1,Successful
FolderTest\20190418-080745\microsoft-r\python-reference\revoscalepy\RxHiveData.md,1,Successful
FolderTest\20190418-080745\microsoft-r\deployr\deployr-admin-r-package-management.md,1,Successful
FolderTest\20190418-080745\microsoft-r\r-reference\revoscaler\rxteradatasql.md,1,Successful
FolderTest\20190418-080745\microsoft-r\r-reference\revoscaler\rxnaivebayes.md,1,Successful
FolderTest\20190418-080745\microsoft-r\r-reference\revoscaler\rxgetsparklyrconnection.md,1,Successful
FolderTest\20190418-080745\microsoft-r\operationalize\configure-cors.md,1,Successful
FolderTest\20190418-080745\microsoft-r\python-reference\revoscalepy\rx-cancel-job.md,1,Successful
FolderTest\20190418-080745\microsoft-r\r-reference\revoutils\revo-home.md,1,Successful
FolderTest\20190418-080745\microsoft-r\install\r-server-install-uninstall-upgrade.md,1,Successful
FolderTest\20190418-080745\microsoft-r\r\how-to-revoscaler-logistic-regression.md,1,Successful
FolderTest\20190418-080745\microsoft-r\r-reference\mrsdeploy\difflocalremote.md,1,Successful
FolderTest\20190418-080745\microsoft-r\python-reference\microsoftml\rx-oneclass-svm.md,1,Successful
FolderTest\20190418-080745\microsoft-r\r-reference\revoscaler\rxstepcontrol.md,1,Successful
FolderTest\20190418-080745\microsoft-r\operationalize\concept-api.md,1,Successful
FolderTest\20190418-080745\microsoft-r\install\r-server-install-windows-vm-803-provisioning.md,1,Successful
FolderTest\20190418-080745\microsoft-r\r-reference\revoscaler\rxgetvarnames.md,1,Successful
FolderTest\20190418-080745\microsoft-r\python-reference\microsoftml\concat.md,1,Successful
FolderTest\20190418-080745\microsoft-r\install\r-server-install-hadoop-manual-package.md,1,Successful
FolderTest\20190418-080745\microsoft-r\r-reference\revoscaler\rxsasdata-class.md,1,Successful
FolderTest\20190418-080745\microsoft-r\python-reference\revoscalepy\rx-set-var-info.md,1,Successful
FolderTest\20190418-080745\microsoft-r\install\machine-learning-server-azure-vm-on-linux.md,1,Successful
FolderTest\20190418-080745\microsoft-r\resources-opting-out.md,1,Successful
FolderTest\20190418-080745\microsoft-r\r\concept-what-is-the-microsoftml-package.md,1,Successful
FolderTest\20190418-080745\microsoft-r\r-reference\revoscaler\rxgetjobresults.md,1,Successful
FolderTest\20190418-080745\microsoft-r\python-reference\revoscalepy\rx-hadoop-command.md,1,Successful
FolderTest\20190418-080745\microsoft-r\python-reference\revoscalepy\RxTextData.md,1,Successful
FolderTest\20190418-080745\microsoft-r\r-reference\microsoftml\microsoftml-package.md,1,Successful
FolderTest\20190418-080745\microsoft-r\python-reference\revoscalepy\rx-get-partitions.md,1,Successful
FolderTest\20190418-080745\microsoft-r\operationalize\configure-find-admin-configuration-file.md,1,Successful
FolderTest\20190418-080745\microsoft-r\install\r-server-vm-data-science.md,1,Successful
FolderTest\20190418-080745\microsoft-r\operationalize\configure-run-diagnostics.md,1,Successful
FolderTest\20190418-080745\microsoft-r\r\how-to-revoscaler-models.md,1,Successful
FolderTest\20190418-080745\microsoft-r\r\how-to-revoscaler-data-summaries.md,1,Successful
FolderTest\20190418-080745\microsoft-r\r\how-to-revoscaler-sql-server.md,1,Successful
FolderTest\20190418-080745\microsoft-r\python-reference\revoscalepy\index.md,1,Successful
FolderTest\20190418-080745\microsoft-r\r-reference\revoscaler\rxreadxdf.md,1,Successful
FolderTest\20190418-080745\microsoft-r\r-reference\revoscaler\rxcomputecontext.md,1,Successful
FolderTest\20190418-080745\microsoft-r\python-reference\azureml-model-management-sdk\service-definition.md,1,Successful
FolderTest\20190418-080745\microsoft-r\install\r-server-install-teradata-server.md,1,Successful
FolderTest\20190418-080745\microsoft-r\python-reference\revoscalepy\RxXdfData.md,1,Successful
FolderTest\20190418-080745\microsoft-r\python-reference\revoscalepy\rx-spark-connect.md,1,Successful
FolderTest\20190418-080745\microsoft-r\r-reference\revoscaler\rxspark-class.md,1,Successful
FolderTest\20190418-080745\microsoft-r\r-reference\olapr\explore.md,1,Successful
FolderTest\20190418-080745\microsoft-r\python-reference\revoscalepy\RxOdbcData.md,1,Successful
FolderTest\20190418-080745\microsoft-r\r-reference\mrsdeploy\putlocalworkspace.md,1,Successful
FolderTest\20190418-080745\microsoft-r\python-reference\microsoftml\hinge-loss.md,1,Successful
FolderTest\20190418-080745\microsoft-r\r-reference\mrsdeploy\createsnapshot.md,1,Successful
FolderTest\20190418-080745\microsoft-r\install\machine-learning-server-hadoop-uninstall.md,1,Successful
FolderTest\20190418-080745\microsoft-r\python-reference\revoscalepy\rx-get-jobs.md,1,Successful
FolderTest\20190418-080745\microsoft-r\python-reference\microsoftml\rx-neural-network.md,1,Successful
FolderTest\20190418-080745\microsoft-r\r\sample-microsoftml.md,1,Successful
FolderTest\20190418-080745\microsoft-r\install\r-server-install-teradata-client.md,1,Successful
FolderTest\20190418-080745\microsoft-r\r-reference\revoscaler\rxnativefilesystem.md,1,Successful
FolderTest\20190418-080745\microsoft-r\r-reference\revoscaler\rxspssdata.md,1,Successful
FolderTest\20190418-080745\microsoft-r\r\how-to-revoscaler-linear-model.md,1,Successful
FolderTest\20190418-080745\microsoft-r\r-reference\revoscaler\rxexecbypartition.md,1,Successful
FolderTest\20190418-080745\microsoft-r\deployr\deployr-security.md,1,Successful
FolderTest\20190418-080745\microsoft-r\r-reference\revoscaler\rxxdftotext.md,1,Successful
FolderTest\20190418-080745\microsoft-r\deployr\deployr-admin-managing-the-grid.md,1,Successful
FolderTest\20190418-080745\microsoft-r\r-reference\revoscaler\rxlocatefile.md,1,Successful
FolderTest\20190418-080745\microsoft-r\r-reference\olapr\olapconnection.md,1,Successful
FolderTest\20190418-080745\microsoft-r\python-reference\microsoftml\load-image.md,1,Successful
FolderTest\20190418-080745\microsoft-r\install\r-server-install-hadoop-offline.md,1,Successful
FolderTest\20190418-080745\microsoft-r\operationalize\python\quickstart-application-integration-with-swagger.md,1,Successful
FolderTest\20190418-080745\microsoft-r\python-reference\revoscalepy\rx-get-job-results.md,1,Successful
FolderTest\20190418-080745\microsoft-r\r-reference\revoscaler\rxforeachdopar.md,1,Successful
FolderTest\20190418-080745\microsoft-r\r-reference\microsoftml\fasttrees.md,1,Successful
FolderTest\20190418-080745\.openpublishing.publish.config.json,1,Successful
FolderTest\20190418-080745\microsoft-r\r\rpe\revorpe-getting-started.md,1,Successful
FolderTest\20190418-080745\microsoft-r\r-reference\revoscaler\revoscaler-deprecated.md,1,Successful
FolderTest\20190418-080745\microsoft-r\python-reference\microsoftml\log-loss.md,1,Successful
FolderTest\20190418-080745\microsoft-r\r-reference\microsoftml\mlmodel.md,1,Successful
FolderTest\20190418-080745\microsoft-r\r\quickstart-run-r-code.md,1,Successful
FolderTest\20190418-080745\microsoft-r\install\r-server-install-windows-command-line.md,1,Successful
FolderTest\20190418-080745\microsoft-r\operationalize\how-to-deploy-web-service-publish-manage-in-r.md,1,Successful
FolderTest\20190418-080745\microsoft-r\r-reference\revoscaler\rxnew.md,1,Successful
FolderTest\20190418-080745\microsoft-r\install\machine-learning-server-linux-uninstall.md,1,Successful
FolderTest\20190418-080745\microsoft-r\deployr\deployr-client-library.md,1,Successful
FolderTest\20190418-080745\microsoft-r\r\how-to-choose-microsoftml-algorithms-cheatsheet.md,1,Successful
FolderTest\20190418-080745\.openpublishing.redirection.json,1,Successful
FolderTest\20190418-080745\microsoft-r\deployr\deployr-admin-managing-server-policies.md,1,Successful
FolderTest\20190418-080745\microsoft-r\python-reference\revoscalepy\rx-read-object.md,1,Successful
FolderTest\20190418-080745\microsoft-r\python-reference\microsoftml\rx-logistic-regression.md,1,Successful
FolderTest\20190418-080745\microsoft-r\r-reference\revoscaler\rxdtree.md,1,Successful
FolderTest\20190418-080745\microsoft-r\r\tutorial-rxexecby.md,1,Successful
FolderTest\20190418-080745\microsoft-r\deployr\deployr-admin-configure-reinstall-r.md,1,Successful
FolderTest\20190418-080745\microsoft-r\r-reference\revoscaler\rxcovregression.md,1,Successful
FolderTest\20190418-080745\microsoft-r\r\how-to-introduction.md,1,Successful
FolderTest\20190418-080745\microsoft-r\r-reference\revoscaler\airontime87to12.md,1,Successful
FolderTest\20190418-080745\microsoft-r\r\how-to-revoscaler-data-hdfs.md,1,Successful
FolderTest\20190418-080745\microsoft-r\r-reference\microsoftml\rxfastforest.md,1,Successful
FolderTest\20190418-080745\microsoft-r\python-reference\revoscalepy\rx-hadoop-copy-from-local.md,1,Successful
FolderTest\20190418-080745\microsoft-r\toc.yml,1,Successful
FolderTest\20190418-080745\microsoft-r\r-reference\revoscaler\rxcleanup.md,1,Successful
FolderTest\20190418-080745\microsoft-r\r-reference\mrsdeploy\listsnapshots.md,1,Successful
FolderTest\20190418-080745\microsoft-r\r-reference\revoscaler\rxprivacycontrol.md,1,Successful
FolderTest\20190418-080745\microsoft-r\r\how-to-developer-pmml.md,1,Successful
FolderTest\20190418-080745\microsoft-r\r-reference\revoscaler\rxsasdata.md,1,Successful
FolderTest\20190418-080745\microsoft-r\deployr\deployr-admin-console-user-accounts.md,1,Successful
FolderTest\20190418-080745\microsoft-r\r-reference\olapr\execute2d.md,1,Successful
FolderTest\20190418-080745\microsoft-r\r-reference\mrsdeploy\ConfigureServicePool.md,1,Successful
FolderTest\20190418-080745\microsoft-r\install\machine-learning-server-in-the-cloud.md,1,Successful
FolderTest\20190418-080745\microsoft-r\r-client\compatibility-with-server.md,1,Successful
FolderTest\20190418-080745\microsoft-r\r-reference\microsoftml\ngram.md,1,Successful
FolderTest\20190418-080745\microsoft-r\r-reference\revoscaler\rxxdffilename.md,1,Successful
FolderTest\20190418-080745\microsoft-r\r\tutorial-large-data-tips.md,1,Successful
FolderTest\20190418-080745\microsoft-r\r-reference\mrsdeploy\print.snapshotDetails.md,1,Successful
FolderTest\20190418-080745\microsoft-r\install\r-server-install-cloudera-generate-parcel.md,1,Successful
FolderTest\20190418-080745\microsoft-r\r-reference\revoscaler\rxlorenz.md,1,Successful
FolderTest\20190418-080745\microsoft-r\r-reference\mrsdeploy\listservices.md,1,Successful
FolderTest\20190418-080745\microsoft-r\r-reference\revoscaler\as.glm.md,1,Successful
FolderTest\20190418-080745\microsoft-r\r\tutorial-r-to-revoscaler.md,1,Successful
FolderTest\20190418-080745\microsoft-r\r-reference\microsoftml\selectfeatures.md,1,Successful
FolderTest\20190418-080745\microsoft-r\r-reference\revoscaler\rxstopengine.md,1,Successful
FolderTest\20190418-080745\microsoft-r\r\how-to-revoscaler-crosstabs.md,1,Successful
FolderTest\20190418-080745\microsoft-r\python-reference\microsoftml\drop-columns.md,1,Successful
FolderTest\20190418-080745\microsoft-r\r-reference\mrsdeploy\remoteloginaad.md,1,Successful
FolderTest\20190418-080745\microsoft-r\python\python-samples.md,1,Successful
FolderTest\20190418-080745\microsoft-r\r-reference\mrsdeploy\serviceTypes.md,1,Successful
FolderTest\20190418-080745\microsoft-r\python-reference\microsoftml\custom.md,1,Successful
FolderTest\20190418-080745\microsoft-r\r-reference\microsoftml\fastlinear.md,1,Successful
FolderTest\20190418-080745\microsoft-r\deployr\deployr-admin-console-permissions-with-roles.md,1,Successful
FolderTest\20190418-080745\microsoft-r\r-client\install-on-linux.md,1,Successful
FolderTest\20190418-080745\microsoft-r\r-reference\revoscaler\rxgetvarinfoxdf.md,1,Successful
FolderTest\20190418-080745\microsoft-r\r-reference\revopemar\pemabaseclass-class.md,1,Successful
FolderTest\20190418-080745\microsoft-r\r-reference\revoscaler\rxtextdata-class.md,1,Successful
FolderTest\20190418-080745\microsoft-r\r-reference\revoutils\revoinfo.md,1,Successful
FolderTest\20190418-080745\microsoft-r\python\samples-microsoftml-python.md,1,Successful
FolderTest\20190418-080745\microsoft-r\install\r-server-install-linux-server-901.md,1,Successful
FolderTest\20190418-080745\microsoft-r\r-reference\sqlrutils\getinputparameters.md,1,Successful
FolderTest\20190418-080745\microsoft-r\r-reference\revoscaler\rxgetenablethreadpool.md,1,Successful
FolderTest\20190418-080745\microsoft-r\deployr\deployr-admin-install-in-cloud.md,1,Successful
FolderTest\20190418-080745\microsoft-r\r-reference\revoscaler\rxforeachdopar-class.md,1,Successful
FolderTest\20190418-080745\microsoft-r\install\r-server-install-hadoop-901.md,1,Successful
FolderTest\20190418-080745\microsoft-r\python-reference\revoscalepy\rx-hadoop-remove-dir.md,1,Successful
FolderTest\20190418-080745\microsoft-r\deployr\deployr-admin-java-version.md,1,Successful
FolderTest\20190418-080745\microsoft-r\r-reference\revoscaler\rxmultitest.md,1,Successful
FolderTest\20190418-080745\microsoft-r\r-reference\revopemar\pemabaseclass.md,1,Successful
FolderTest\20190418-080745\microsoft-r\rebranding-microsoft-r-server.md,1,Successful
FolderTest\20190418-080745\microsoft-r\r-reference\mrsdeploy\putlocalfile.md,1,Successful
FolderTest\20190418-080745\microsoft-r\python-reference\microsoftml\adadelta-optimizer.md,1,Successful
FolderTest\20190418-080745\microsoft-r\r-reference\revoscaler\rxgetfuzzydist.md,1,Successful
FolderTest\20190418-080745\microsoft-r\r-reference\revoscaler\rxhistogram.md,1,Successful
FolderTest\20190418-080745\microsoft-r\python-reference\microsoftml\rx-predict.md,1,Successful
FolderTest\20190418-080745\microsoft-r\r-reference\revoutils\readnews.md,1,Successful
FolderTest\20190418-080745\microsoft-r\r-reference\microsoftml\rxensemble.md,1,Successful
FolderTest\20190418-080745\microsoft-r\r-reference\revoioq.md,1,Successful
FolderTest\20190418-080745\microsoft-r\r-reference\mrsdeploy\getValidatedServiceType.md,1,Successful
FolderTest\20190418-080745\microsoft-r\resources-glossary.md,1,Successful
FolderTest\20190418-080745\microsoft-r\operationalize\python\how-to-deploy-manage-web-services.md,1,Successful
FolderTest\20190418-080745\microsoft-r\python-reference\microsoftml\featurize-image.md,1,Successful
FolderTest\20190418-080745\microsoft-r\r-reference\revoscaler\as.lm.md,1,Successful
FolderTest\20190418-080745\microsoft-r\r\tutorial-revoscaler-data-model-analysis.md,1,Successful
FolderTest\20190418-080745\microsoft-r\python-reference\revoscalepy\RxNativeFileSystem.md,1,Successful
FolderTest\20190418-080745\microsoft-r\r-reference\mrsdeploy\print.serviceDetails.md,1,Successful
FolderTest\20190418-080745\microsoft-r\operationalize\how-to-consume-web-service-asynchronously-batch.md,1,Successful
FolderTest\20190418-080745\microsoft-r\r-reference\revoscaler\rxinstallpackages.md,1,Successful
FolderTest\20190418-080745\microsoft-r\r\how-to-developer-write-chunking-algorithms.md,1,Successful
FolderTest\20190418-080745\microsoft-r\r-reference\revoscaler\rxwaitforjob.md,1,Successful
FolderTest\20190418-080745\microsoft-r\python-reference\azureml-model-management-sdk\operationalization.md,1,Successful
FolderTest\20190418-080745\microsoft-r\python-reference\revoscalepy\rx-wait-for-job.md,1,Successful
FolderTest\20190418-080745\microsoft-r\r-reference\revoscaler\rxlogit.md,1,Successful
FolderTest\20190418-080745\microsoft-r\r-reference\revopemar\pemamean-class.md,1,Successful
FolderTest\20190418-080745\microsoft-r\r-reference\revoscaler\rxsqllibpaths.md,1,Successful
FolderTest\20190418-080745\microsoft-r\r-reference\revoscaler\rxodbcdata.md,1,Successful
FolderTest\20190418-080745\microsoft-r\python-reference\revoscalepy\rx-dforest.md,1,Successful
FolderTest\20190418-080745\microsoft-r\install\r-server-install-supported-platforms.md,1,Successful
FolderTest\20190418-080745\microsoft-r\operationalize\python\quickstart-deploy-python-web-service.md,1,Successful
FolderTest\20190418-080745\microsoft-r\python-reference\revoscalepy\rx-hadoop-make-dir.md,1,Successful
FolderTest\20190418-080745\microsoft-r\deployr\deployr-rbroker-framework.md,1,Successful
FolderTest\20190418-080745\microsoft-r\r-reference\revoscaler\rxlocalparallel-class.md,1,Successful
FolderTest\20190418-080745\microsoft-r\r-reference\revoscaler\rxremotefilepath.md,1,Successful
FolderTest\20190418-080745\microsoft-r\install\machine-learning-server-linux-offline.md,1,Successful
FolderTest\20190418-080745\microsoft-r\python-reference\revoscalepy\rx-hadoop-list-files.md,1,Successful
FolderTest\20190418-080745\microsoft-r\operationalize\how-to-consume-web-service-interact-in-r.md,1,Successful
FolderTest\20190418-080745\microsoft-r\deployr\deployr-faq.md,1,Successful
FolderTest\20190418-080745\microsoft-r\r-reference\revoscaler\rxinteradata-class.md,1,Successful
FolderTest\20190418-080745\microsoft-r\r-reference\revoscaler\rxstepplot.md,1,Successful
FolderTest\20190418-080745\microsoft-r\what-is-machine-learning-server.md,1,Successful
FolderTest\20190418-080745\microsoft-r\python-reference\revoscalepy\RxOrcData.md,1,Successful
FolderTest\20190418-080745\microsoft-r\r-reference\olapr\executemd.md,1,Successful
FolderTest\20190418-080745\microsoft-r\r-reference\revoscaler\rxremotecall.md,1,Successful
FolderTest\20190418-080745\microsoft-r\python-reference\revoscalepy\rx-get-info.md,1,Successful
FolderTest\20190418-080745\microsoft-r\python-reference\microsoftml\categorical.md,1,Successful
FolderTest\20190418-080745\microsoft-r\python-reference\microsoftml\rx-fast-linear.md,1,Successful
FolderTest\20190418-080745\microsoft-r\install\r-server-install-linux-offline.md,1,Successful
FolderTest\20190418-080745\microsoft-r\r\tutorial-revoscaler-data-import-transform.md,1,Successful
FolderTest\20190418-080745\microsoft-r\python-reference\revoscalepy\rx-btrees.md,1,Successful
FolderTest\20190418-080745\microsoft-r\r-reference\revoscaler\as.rpart.md,1,Successful
FolderTest\20190418-080745\microsoft-r\python-reference\revoscalepy\rx-hadoop-copy-to-local.md,1,Successful
FolderTest\20190418-080745\microsoft-r\install\r-server-install-cloudera-deploy-activate.md,1,Successful
FolderTest\20190418-080745\microsoft-r\r-reference\microsoftml\getSampleDataDir.md,1,Successful
FolderTest\20190418-080745\microsoft-r\r-reference\revoscaler\rxspssdata-class.md,1,Successful
FolderTest\20190418-080745\microsoft-r\r-reference\revoscaler\rxaddinheritance.md,1,Successful
FolderTest\20190418-080745\microsoft-r\r-reference\revoscaler\rxoauthparameters.md,1,Successful
FolderTest\20190418-080745\microsoft-r\deployr\deployr-data-scientist-getting-started.md,1,Successful
FolderTest\20190418-080745\microsoft-r\r-reference\mrsdeploy\putlocalobject.md,1,Successful
FolderTest\20190418-080745\microsoft-r\deployr\deployr-security-passwords.md,1,Successful
FolderTest\20190418-080745\microsoft-r\r-reference\mrsdeploy\DeleteServicePool.md,1,Successful
FolderTest\20190418-080745\microsoft-r\r\how-to-revoscaler-distributed-computing-parallel-foreach.md,1,Successful
FolderTest\20190418-080745\microsoft-r\r-reference\mrsdeploy\publishservice.md,1,Successful
FolderTest\20190418-080745\microsoft-r\python-reference\revoscalepy\RxHdfsFileSystem.md,1,Successful
FolderTest\20190418-080745\microsoft-r\operationalize\configure-start-for-administrators.md,1,Successful
FolderTest\20190418-080745\microsoft-r\r-reference\revoscaler\rxelemarg.md,1,Successful
FolderTest\20190418-080745\microsoft-r\r-reference\revoscaler\rxGetVarInfo.md,1,Successful
FolderTest\20190418-080745\microsoft-r\r\how-to-developer-write-custom-analysis.md,1,Successful
FolderTest\20190418-080745\microsoft-r\python-reference\microsoftml\index.md,1,Successful
FolderTest\20190418-080745\microsoft-r\deployr\deployr-data-scientist-write-portable-r-code.md,1,Successful
FolderTest\20190418-080745\microsoft-r\r-reference\revoscaler\rxserializemodel.md,1,Successful
FolderTest\20190418-080745\microsoft-r\r-reference\revoutils\revoutils.md,1,Successful
FolderTest\20190418-080745\microsoft-r\r\how-to-revoscaler-distributed-computing-background-jobs.md,1,Successful
FolderTest\20190418-080745\microsoft-r\deployr\deployr-security-project-access.md,1,Successful
FolderTest\20190418-080745\microsoft-r\r-reference\revoscaler\rxtexttoxdf.md,1,Successful
FolderTest\20190418-080745\microsoft-r\r-reference\revoscaler\rxtlcbridge.md,1,Successful
FolderTest\20190418-080745\microsoft-r\r-reference\revoscaler\rxhdfsfilesystem.md,1,Successful
FolderTest\20190418-080745\microsoft-r\install\r-server-install-linux-server-805.md,1,Successful
FolderTest\20190418-080745\microsoft-r\python-reference\revoscalepy\RxSpark.md,1,Successful
FolderTest\20190418-080745\microsoft-r\resources-deprecated-features.md,1,Successful
FolderTest\20190418-080745\microsoft-r\operationalize\how-to-connect-log-in-with-mrsdeploy.md,1,Successful
FolderTest\20190418-080745\microsoft-r\install\machine-learning-server-linux-packages.md,1,Successful
FolderTest\20190418-080745\microsoft-r\python-reference\revoscalepy\rx-predict.md,1,Successful
FolderTest\20190418-080745\microsoft-r\r-reference\revoscaler\rxsparkdataops.md,1,Successful
FolderTest\20190418-080745\microsoft-r\python-reference\microsoftml\microsoftml-package.md,1,Successful
FolderTest\20190418-080745\microsoft-r\r-reference\mrsdeploy\GetPoolStatus.md,1,Successful
FolderTest\20190418-080745\microsoft-r\r\concept-what-is-data-transformations.md,1,Successful
FolderTest\20190418-080745\microsoft-r\python-reference\microsoftml\sgd-optimizer.md,1,Successful
FolderTest\20190418-080745\microsoft-r\r-reference\mrsdeploy\downloadsnapshot.md,1,Successful
FolderTest\20190418-080745\microsoft-r\python-reference\microsoftml\resize-image.md,1,Successful
FolderTest\20190418-080745\microsoft-r\install\machine-learning-server-cloudera-install.md,1,Successful
FolderTest\20190418-080745\microsoft-r\r-reference\sqlrutils\storedprocedure.md,1,Successful
FolderTest\20190418-080745\microsoft-r\python-reference\revoscalepy\rx-summary.md,1,Successful
FolderTest\20190418-080745\microsoft-r\r-reference\revoscaler\rxgetnodeinfo.md,1,Successful
FolderTest\20190418-080745\microsoft-r\whats-new-in-r-server.md,1,Successful
FolderTest\20190418-080745\microsoft-r\r-reference\revoscaler\rxinsqlserver-class.md,1,Successful
FolderTest\20190418-080745\microsoft-r\r-reference\microsoftml\loss.md,1,Successful
FolderTest\20190418-080745\microsoft-r\r-reference\microsoftml\optimizer.md,1,Successful
FolderTest\20190418-080745\microsoft-r\deployr\deployr-admin-manage-big-data.md,1,Successful
FolderTest\20190418-080745\microsoft-r\r-reference\revoscaler\rxoptions.md,1,Successful
FolderTest\20190418-080745\microsoft-r\deployr\deployr-api-explorer-tool.md,1,Successful
FolderTest\20190418-080745\microsoft-r\deployr\deployr-admin-console-managing-r-scripts.md,1,Successful
FolderTest\20190418-080745\microsoft-r\r-reference\revoscaler\rxremotegetid.md,1,Successful
FolderTest\20190418-080745\microsoft-r\r-reference\revoscaler\rxsortxdf.md,1,Successful
FolderTest\20190418-080745\microsoft-r\r-reference\microsoftml\categorical.md,1,Successful
FolderTest\20190418-080745\microsoft-r\r\how-to-revoscaler-distributed-computing-distributed-analysis.md,1,Successful
FolderTest\20190418-080745\microsoft-r\r-reference\revoscaler\rxdtreebestcp.md,1,Successful
FolderTest\20190418-080745\microsoft-r\r-reference\revoscaler\rxgetjoboutput.md,1,Successful
FolderTest\20190418-080745\microsoft-r\install\r-server-install-windows-offline.md,1,Successful
FolderTest\20190418-080745\microsoft-r\r-reference\sqlrutils\inputdata.md,1,Successful
FolderTest\20190418-080745\microsoft-r\python-reference\revoscalepy\RxSqlServerData.md,1,Successful
FolderTest\20190418-080745\microsoft-r\r-reference\revoscaler\rxrealtimescoring.md,1,Successful
FolderTest\20190418-080745\microsoft-r\r-reference\revopemar\pemar.md,1,Successful
FolderTest\20190418-080745\microsoft-r\operationalize\configure-machine-learning-server-one-box.md,1,Successful
FolderTest\20190418-080745\microsoft-r\r-reference\revoscaler\rxcube.md,1,Successful
FolderTest\20190418-080745\microsoft-r\r-reference\mrsdeploy\deleteservice.md,1,Successful
FolderTest\20190418-080745\microsoft-r\operationalize\how-to-build-api-clients-from-swagger-for-app-integration.md,1,Successful
FolderTest\20190418-080745\microsoft-r\deployr\deployr-security-https.md,1,Successful
FolderTest\20190418-080745\microsoft-r\r\tutorial-revoscaler-large-data-loan.md,1,Successful
FolderTest\20190418-080745\microsoft-r\r-reference\revoscaler\mortdefaultsmall.md,1,Successful
FolderTest\20190418-080745\microsoft-r\python-reference\microsoftml\rx-featurize.md,1,Successful
FolderTest\20190418-080745\microsoft-r\install\r-server-install-hadoop-troubleshoot.md,1,Successful
FolderTest\20190418-080745\microsoft-r\python-reference\azureml-model-management-sdk\mlserver.md,1,Successful
FolderTest\20190418-080745\microsoft-r\r-reference\microsoftml\mutualinformation.md,1,Successful
FolderTest\20190418-080745\microsoft-r\r-reference\revoscaler\rxtextdata.md,1,Successful
FolderTest\20190418-080745\microsoft-r\r-reference\microsoftml\logisticregression.md,1,Successful
FolderTest\20190418-080745\microsoft-r\r-reference\mrsdeploy\request.md,1,Successful
FolderTest\20190418-080745\microsoft-r\python-reference\revoscalepy\rx-hadoop-remove.md,1,Successful
FolderTest\20190418-080745\microsoft-r\python-reference\microsoftml\n-gram.md,1,Successful
FolderTest\20190418-080745\microsoft-r\r-reference\mrsdeploy\summary.serviceDetails.md,1,Successful
FolderTest\20190418-080745\microsoft-r\r-reference\microsoftml\fastforest.md,1,Successful
FolderTest\20190418-080745\microsoft-r\r\concept-what-is-compute-context.md,1,Successful
FolderTest\20190418-080745\microsoft-r\r\scaler-data-merge.md,1,Successful
FolderTest\20190418-080745\microsoft-r\operationalize\python\how-to-authenticate-in-python.md,1,Successful
FolderTest\20190418-080745\microsoft-r\python-reference\revoscalepy\rx-lin-mod.md,1,Successful
FolderTest\20190418-080745\microsoft-r\install\microsoftml-install-pretrained-models.md,1,Successful
FolderTest\20190418-080745\microsoft-r\r-reference\revoscaler\rxdistributedhpa-class.md,1,Successful
FolderTest\20190418-080745\microsoft-r\r-reference\revoscaler\rxfiledata-class.md,1,Successful
FolderTest\20190418-080745\microsoft-r\python-reference\azureml-model-management-sdk\batch-response.md,1,Successful
FolderTest\20190418-080745\microsoft-r\deployr\deployr-administrator-getting-started.md,1,Successful
FolderTest\20190418-080745\microsoft-r\r-reference\revoscaler\rxsyncpackages.md,1,Successful
FolderTest\20190418-080745\microsoft-r\r-reference\revoscaler\rxpingnodes.md,1,Successful
FolderTest\20190418-080745\microsoft-r\deployr\deployr-welcome.md,1,Successful
FolderTest\20190418-080745\microsoft-r\r-reference\revoscaler\rxinsqlserver.md,1,Successful
FolderTest\20190418-080745\microsoft-r\python-reference\revoscalepy\RxRemoteComputeContext.md,1,Successful
FolderTest\20190418-080745\microsoft-r\python-reference\revoscalepy\rx-delete-object.md,1,Successful
FolderTest\20190418-080745\microsoft-r\r-reference\revoscaler\revoscaler-compared-to-base-r.md,1,Successful
FolderTest\20190418-080745\microsoft-r\python-reference\revoscalepy\rx-spark-list-data.md,1,Successful
FolderTest\20190418-080745\microsoft-r\operationalize\configure-admin-cli-local-password.md,1,Successful
FolderTest\20190418-080745\microsoft-r\python-reference\revoscalepy\RxMissingValues.md,1,Successful
FolderTest\20190418-080745\microsoft-r\r\how-to-revoscaler-data-sort.md,1,Successful
FolderTest\20190418-080745\microsoft-r\python-reference\revoscalepy\rx-list-keys.md,1,Successful
FolderTest\20190418-080745\microsoft-r\docfx.json,1,Successful
FolderTest\20190418-080745\microsoft-r\r-reference\sqlrutils\outputparameter.md,1,Successful
FolderTest\20190418-080745\microsoft-r\r\tutorial-introduction.md,1,Successful
FolderTest\20190418-080745\microsoft-r\python-reference\azureml-model-management-sdk\batch.md,1,Successful
FolderTest\20190418-080745\microsoft-r\python-reference\revoscalepy\rx-spark-disconnect.md,1,Successful
FolderTest\20190418-080745\microsoft-r\r-reference\revoscaler\kyphosis.md,1,Successful
FolderTest\20190418-080745\microsoft-r\deployr\deployr-about.md,1,Successful
FolderTest\20190418-080745\microsoft-r\r-reference\revoscaler\rxmarginals.md,1,Successful
FolderTest\20190418-080745\microsoft-r\deployr\deployr-install-on-linux.md,1,Successful
FolderTest\20190418-080745\microsoft-r\python-reference\revoscalepy\rx-hadoop-move.md,1,Successful
FolderTest\20190418-080745\microsoft-r\install\machine-learning-server-install.md,1,Successful
FolderTest\20190418-080745\microsoft-r\index.yml,1,Successful
FolderTest\20190418-080745\TransformationProcessReport.csv,2,Skipped - No tranformation required, this file has been skipped
FolderTest\20190418-080745\microsoft-r\python-reference\revoscalepy\RxRemoteJob.md,1,Successful
FolderTest\20190418-080745\microsoft-r\r-reference\revoscaler\rxdatasource-class.md,1,Successful
FolderTest\20190418-080745\microsoft-r\operationalize\configure-evaluate-capacity.md,1,Successful
FolderTest\20190418-080745\microsoft-r\r-reference\revoscaler\as.xtabs.md,1,Successful
FolderTest\20190418-080745\microsoft-r\r\how-to-revoscaler-data-sql.md,1,Successful
FolderTest\20190418-080745\microsoft-r\r-reference\revoscaler\rxspark.md,1,Successful
FolderTest\20190418-080745\microsoft-r\r-reference\revoscaler\rxwriteobject.md,1,Successful
FolderTest\20190418-080745\microsoft-r\install\r-server-install-hadoop-805.md,1,Successful
FolderTest\20190418-080745\microsoft-r\r-reference\revoutils\totalsystemmemory.md,1,Successful
FolderTest\20190418-080745\microsoft-r\r-reference\revopemar\pemabygroup.md,1,Successful
FolderTest\20190418-080745\microsoft-r\install\r-server-install.md,1,Successful
FolderTest\20190418-080745\microsoft-r\install\machine-learning-server-windows-packages.md,1,Successful
FolderTest\20190418-080745\microsoft-r\deployr\deployr-repository-manager-files.md,1,Successful
FolderTest\20190418-080745\microsoft-r\resources-servicing-support.md,1,Successful
FolderTest\20190418-080745\microsoft-r\r-reference\mrsdeploy\mrsdeploy-package.md,1,Successful
FolderTest\20190418-080745\microsoft-r\deployr\deployr-admin-hadoop-impersonation.md,1,Successful
FolderTest\20190418-080745\microsoft-r\r-reference\revopemar\pemamean.md,1,Successful
FolderTest\20190418-080745\microsoft-r\deployr\deployr-admin-managing-r-boundaries.md,1,Successful
FolderTest\20190418-080745\microsoft-r\r\how-to-revoscaler-distributed-computing-compute-context.md,1,Successful
FolderTest\20190418-080745\microsoft-r\r\how-to-revoscaler-distributed-computing.md,1,Successful
FolderTest\20190418-080745\microsoft-r\r-reference\revoscaler\rxfindfileinpath.md,1,Successful
FolderTest\20190418-080745\microsoft-r\r-reference\revoscaler\rxPredict.rxNaiveBayes.md,1,Successful
FolderTest\20190418-080745\microsoft-r\python-reference\azureml-model-management-sdk\azureml-model-management-sdk.md,1,Successful
FolderTest\20190418-080745\microsoft-r\r-reference\mrsdeploy\updateservice.md,1,Successful
FolderTest\20190418-080745\microsoft-r\python\quickstart-revoscalepy-linear-regression-model.md,1,Successful
FolderTest\20190418-080745\microsoft-r\python-reference\revoscalepy\revoscalepy-package.md,1,Successful
FolderTest\20190418-080745\microsoft-r\r\concept-what-is-revoscaler.md,1,Successful
FolderTest\20190418-080745\microsoft-r\r-reference\mrsdeploy\deleteremotefile.md,1,Successful
FolderTest\20190418-080745\microsoft-r\r\how-to-revoscaler-data-odbc.md,1,Successful
FolderTest\20190418-080745\microsoft-r\r-reference\revoscaler\rxpairwisecrosstab.md,1,Successful
FolderTest\20190418-080745\microsoft-r\r-reference\revoscaler\rxexpression.md,1,Successful
FolderTest\20190418-080745\microsoft-r\python-reference\revoscalepy\rx-import.md,1,Successful
FolderTest\20190418-080745\microsoft-r\resources-known-issues.md,1,Successful
FolderTest\20190418-080745\microsoft-r\r\tutorial-sparklyr-revoscaler.md,1,Successful
FolderTest\20190418-080745\microsoft-r\r-reference\revoscaler\rxdforest.md,1,Successful
FolderTest\20190418-080745\microsoft-r\r-reference\revoscaler\as.naiveBayes.md,1,Successful
FolderTest\20190418-080745\microsoft-r\r-reference\revoscaler\rxsqlserverdroptable.md,1,Successful
FolderTest\20190418-080745\microsoft-r\r-reference\revoscaler\revoscaler.md,1,Successful
FolderTest\20190418-080745\microsoft-r\python-reference\azureml-model-management-sdk\operationalization-definition.md,1,Successful
FolderTest\20190418-080745\microsoft-r\r-reference\revoscaler\rxlinmod.md,1,Successful
FolderTest\20190418-080745\microsoft-r\r-reference\revoscaler\rxgetjobs.md,1,Successful
FolderTest\20190418-080745\microsoft-r\r-reference\revoscaler\rxhpcserver-class.md,1,Successful
FolderTest\20190418-080745\microsoft-r\r-reference\microsoftml\getNetDefinition.md,1,Successful
FolderTest\20190418-080745\microsoft-r\python-reference\microsoftml\gpu-math.md,1,Successful
FolderTest\20190418-080745\microsoft-r\python-reference\revoscalepy\rx-predict-rx-dtree.md,1,Successful
FolderTest\20190418-080745\microsoft-r\r-reference\revoscaler\rxxdfdata.md,1,Successful
FolderTest\20190418-080745\microsoft-r\r\how-to-revoscaler-hadoop.md,1,Successful
FolderTest\20190418-080745\microsoft-r\r-reference\mrsdeploy\getservice.md,1,Successful
FolderTest\20190418-080745\microsoft-r\r-reference\revoscaler\rxrng.md,1,Successful
FolderTest\20190418-080745\microsoft-r\python-reference\microsoftml\select-columns.md,1,Successful
FolderTest\20190418-080745\microsoft-r\r-reference\revoscaler\as.gbm.md,1,Successful
FolderTest\20190418-080745\microsoft-r\r-reference\revoscaler\rxdatasource.md,1,Successful
FolderTest\20190418-080745\microsoft-r\install\r-server-install-linux-manage-install.md,1,Successful
FolderTest\20190418-080745\microsoft-r\r-reference\revoscaler\rxexec.md,1,Successful
FolderTest\20190418-080745\microsoft-r\r-reference\microsoftml\ensembleControl.md,1,Successful
FolderTest\20190418-080745\microsoft-r\r-reference\mrsdeploy\getremoteworkspace.md,1,Successful
FolderTest\20190418-080745\microsoft-r\r-reference\revoscaler\rxremovepackages.md,1,Successful
FolderTest\20190418-080745\microsoft-r\operationalize\configure-admin-cli-launch.md,1,Successful
FolderTest\20190418-080745\microsoft-r\r-reference\olapr\query.md,1,Successful
FolderTest\20190418-080745\microsoft-r\r\how-to-revoscaler-covcor.md,1,Successful
FolderTest\20190418-080745\microsoft-r\python-reference\microsoftml\rx-fast-trees.md,1,Successful
FolderTest\20190418-080745\microsoft-r\operationalize\configure-authentication.md,1,Successful
FolderTest\20190418-080745\microsoft-r\python-reference\microsoftml\extract-pixels.md,1,Successful
FolderTest\20190418-080745\microsoft-r\deployr\deployr-repository-manager-directories.md,1,Successful
FolderTest\20190418-080745\microsoft-r\r\how-to-revoscaler-decision-tree.md,1,Successful
FolderTest\20190418-080745\microsoft-r\r-reference\revoscaler\rxteradata-class.md,1,Successful
FolderTest\20190418-080745\microsoft-r\r\concept-what-is-sql-server-r-services.md,1,Successful
FolderTest\20190418-080745\microsoft-r\r\how-to-revoscaler-visualize-huge-data-sets.md,1,Successful
FolderTest\20190418-080745\microsoft-r\r-reference\revoscaler\rxsetvarinfoxdf.md,1,Successful
FolderTest\20190418-080745\microsoft-r\r-reference\revoscaler\rxodbcdata-class.md,1,Successful
FolderTest\20190418-080745\microsoft-r\python-reference\introducing-python-package-reference.md,1,Successful
FolderTest\20190418-080745\microsoft-r\deployr\deployr-security-account-locking.md,1,Successful
FolderTest\20190418-080745\microsoft-r\r-reference\revoscaler\rxpredict.md,1,Successful
FolderTest\20190418-080745\microsoft-r\r-reference\revoscaler\rxglm.md,1,Successful
FolderTest\20190418-080745\microsoft-r\python-reference\revoscalepy\RxSparkDataFrame.md,1,Successful
FolderTest\20190418-080745\microsoft-r\python-reference\revoscalepy\RxLocalSeq.md,1,Successful
FolderTest\20190418-080745\microsoft-r\install\machine-learning-server-linux-install.md,1,Successful
FolderTest\20190418-080745\microsoft-r\r-reference\mrsdeploy\getremotefile.md,1,Successful
FolderTest\20190418-080745\microsoft-r\r-reference\revoscaler\rxxdfdata-class.md,1,Successful
FolderTest\20190418-080745\microsoft-r\r-reference\mrsdeploy\remoteexecute.md,1,Successful
FolderTest\20190418-080745\README.md,1,Successful
FolderTest\20190418-080745\microsoft-r\install\r-server-install-linux-hadoop-packages.md,1,Successful
FolderTest\20190418-080745\microsoft-r\r-reference\revoscaler\rxlineplot.md,1,Successful
FolderTest\20190418-080745\microsoft-r\r-reference\revoscaler\rxbtrees.md,1,Successful
FolderTest\20190418-080745\microsoft-r\python-reference\azureml-model-management-sdk\realtime-definition.md,1,Successful
FolderTest\20190418-080745\microsoft-r\r-reference\revoscaler\revoscaler-hadoop-functions.md,1,Successful
FolderTest\20190418-080745\microsoft-r\r\rpe\revorpe-users-guide.md,1,Successful
FolderTest\20190418-080745\microsoft-r\r-reference\revoscaler\rxteradata.md,1,Successful
FolderTest\20190418-080745\microsoft-r\r-reference\mrsdeploy\summary.snapshotDetails.md,1,Successful
FolderTest\20190418-080745\microsoft-r\install\r-server-install-hadoop-yarnqueueusage.md,1,Successful
FolderTest\20190418-080745\microsoft-r\install\r-server-install-cloudera-901.md,1,Successful
FolderTest\20190418-080745\microsoft-r\operationalize\how-to-create-manage-session-pools.md,1,Successful
FolderTest\20190418-080745\microsoft-r\r-reference\revoscaler\rxPredict.rxDForest.md,1,Successful
FolderTest\20190418-080745\microsoft-r\r-reference\revoscaler\prune.rxDTree.md,1,Successful
FolderTest\20190418-080745\microsoft-r\r-reference\olapr\olapr.md,1,Successful
FolderTest\20190418-080745\microsoft-r\r-reference\revoscaler\rxsparkdata.md,1,Successful
FolderTest\20190418-080745\microsoft-r\r-reference\microsoftml\kernel.md,1,Successful
FolderTest\20190418-080745\microsoft-r\python-reference\revoscalepy\rx-predict-rx-dforest.md,1,Successful
FolderTest\20190418-080745\microsoft-r\operationalize\configure-admin-cli-ports.md,1,Successful
FolderTest\20190418-080745\microsoft-r\r-reference\revoscaler\rxdforestutils.md,1,Successful
FolderTest\20190418-080745\microsoft-r\r-reference\revoscaler\rxlaunchclustertaskmanager.md,1,Successful
FolderTest\20190418-080745\microsoft-r\python-reference\revoscalepy\RxOptions.md,1,Successful
FolderTest\20190418-080745\microsoft-r\r-reference\revopemar\pemabygroup-class.md,1,Successful
FolderTest\20190418-080745\microsoft-r\r-reference\microsoftml\loadimage.md,1,Successful
FolderTest\20190418-080745\microsoft-r\r-reference\microsoftml\rxfeaturize.md,1,Successful
FolderTest\20190418-080745\microsoft-r\r-reference\mrsdeploy\serviceOption.md,1,Successful
FolderTest\20190418-080745\microsoft-r\r-reference\mrsdeploy\remotescript.md,1,Successful
FolderTest\20190418-080745\microsoft-r\r-reference\mrsdeploy\remotelogin.md,1,Successful
FolderTest\20190418-080745\microsoft-r\r-reference\revoscaler\rxinteradata.md,1,Successful
FolderTest\20190418-080745\microsoft-r\r-reference\revoscaler\djiadaily.md,1,Successful
FolderTest\20190418-080745\microsoft-r\r-reference\revoscaler\rxgetfuzzykeys.md,1,Successful
FolderTest\20190418-080745\microsoft-r\r-reference\revopemar\pemacompute.md,1,Successful
FolderTest\20190418-080745\microsoft-r\python-reference\microsoftml\sse-math.md,1,Successful
FolderTest\20190418-080745\microsoft-r\r-reference\revoscaler\rxhadoopmr-class.md,1,Successful
FolderTest\20190418-080745\microsoft-r\r-client\install-uninstall.md,1,Successful
FolderTest\20190418-080745\microsoft-r\python-reference\revoscalepy\rx-get-pyspark-connection.md,1,Successful
FolderTest\20190418-080745\microsoft-r\python-reference\revoscalepy\RxSparkData.md,1,Successful
FolderTest\20190418-080745\microsoft-r\r-reference\revoscaler\rxmakernodenames.md,1,Successful
FolderTest\20190418-080745\microsoft-r\r-reference\revoscaler\rxlocalparallel.md,1,Successful
FolderTest\20190418-080745\microsoft-r\r-reference\mrsdeploy\remotecommandline.md,1,Successful
FolderTest\20190418-080745\microsoft-r\operationalize\how-to-manage-access-tokens.md,1,Successful
FolderTest\20190418-080745\microsoft-r\r-reference\sqlrutils\inputparameter.md,1,Successful
FolderTest\20190418-080745\microsoft-r\python-reference\microsoftml\avx-math.md,1,Successful
FolderTest\20190418-080745\microsoft-r\python-reference\revoscalepy\RxInSqlServer.md,1,Successful
FolderTest\20190418-080745\microsoft-r\r-reference\mrsdeploy\deletesnapshot.md,1,Successful
FolderTest\20190418-080745\microsoft-r\install\r-server-install-hadoop-command-line.md,1,Successful
FolderTest\20190418-080745\microsoft-r\r-reference\revoscaler\rxmergexdf.md,1,Successful
FolderTest\20190418-080745\microsoft-r\operationalize\configure-admin-cli-stop-start.md,1,Successful
FolderTest\20190418-080745\microsoft-r\deployr\deployr-admin-diagnostics-troubleshooting.md,1,Successful
FolderTest\20190418-080745\microsoft-r\r-reference\revoscaler\rxfindpackage.md,1,Successful
FolderTest\20190418-080745\microsoft-r\r-reference\revoscaler\rxPredict.rxDTree.md,1,Successful
FolderTest\20190418-080745\microsoft-r\r-reference\revoscaler\rxsplitxdf.md,1,Successful
FolderTest\20190418-080745\microsoft-r\python-reference\microsoftml\rx-ensemble.md,1,Successful
FolderTest\20190418-080745\microsoft-r\python-reference\revoscalepy\RxDataSource.md,1,Successful
FolderTest\20190418-080745\microsoft-r\deployr\deployr-admin-console-about.md,1,Successful
FolderTest\20190418-080745\microsoft-r\r-reference\revoscaler\rxtweedie.md,1,Successful
FolderTest\20190418-080745\microsoft-r\operationalize\configure-machine-learning-server-enterprise-9-2.md,1,Successful
FolderTest\20190418-080745\microsoft-r\install\operationalize-r-server-one-box-config.md,1,Successful
FolderTest\20190418-080745\microsoft-r\r-reference\sqlrutils\registerstoredprocedure.md,1,Successful
FolderTest\20190418-080745\microsoft-r\r-reference\revoscaler\rxinstalledpackages.md,1,Successful
FolderTest\20190418-080745\microsoft-r\r-reference\microsoftml\rxlogisticregression.md,1,Successful
FolderTest\20190418-080745\microsoft-r\r-reference\revoscaler\rxcompressxdf.md,1,Successful
FolderTest\20190418-080745\microsoft-r\r-reference\revoscaler\rxgetavailablenodes.md,1,Successful
FolderTest\20190418-080745\microsoft-r\python-reference\revoscalepy\rx-get-compute-context.md,1,Successful
FolderTest\20190418-080745\microsoft-r\r\how-to-developer-manage-threads.md,1,Successful
FolderTest\20190418-080745\microsoft-r\install\r-server-install-linux-server.md,1,Successful
FolderTest\20190418-080745\microsoft-r\r-reference\microsoftml\rxneuralnet.md,1,Successful
FolderTest\20190418-080745\microsoft-r\python-reference\microsoftml\learners-object.md,1,Successful
FolderTest\20190418-080745\microsoft-r\python-reference\microsoftml\count-select.md,1,Successful
FolderTest\20190418-080745\microsoft-r\r\how-to-revoscaler-data-split.md,1,Successful
FolderTest\20190418-080745\microsoft-r\r\how-to-revoscaler-naive-bayes.md,1,Successful
FolderTest\20190418-080745\microsoft-r\r-reference\sqlrutils\sqlrutils.md,1,Successful
FolderTest\20190418-080745\microsoft-r\operationalize\configure-manage-r-packages.md,1,Successful
FolderTest\20190418-080745\microsoft-r\python-reference\azureml-model-management-sdk\deploy-client.md,1,Successful
FolderTest\20190418-080745\microsoft-r\python-reference\azureml-model-management-sdk\service.md,1,Successful
FolderTest\20190418-080745\microsoft-r\operationalize\configure-machine-learning-server-enterprise.md,1,Successful
FolderTest\20190418-080745\microsoft-r\python-reference\revoscalepy\rx-read-xdf.md,1,Successful
FolderTest\20190418-080745\microsoft-r\r-reference\microsoftml\mincount.md,1,Successful
FolderTest\20190418-080745\microsoft-r\r-reference\mrsdeploy\remotelogout.md,1,Successful
FolderTest\20190418-080745\microsoft-r\r-reference\revoscaler\rxcreatecolinfo.md,1,Successful
FolderTest\20190418-080745\microsoft-r\r-reference\revoscaler\as.randomForest.md,1,Successful
FolderTest\20190418-080745\microsoft-r\deployr\deployr-api-reference.md,1,Successful
FolderTest\20190418-080745\microsoft-r\operationalize\python\how-to-create-manage-session-pools.md,1,Successful
FolderTest\20190418-080745\microsoft-r\python-reference\revoscalepy\rx-get-var-names.md,1,Successful
FolderTest\20190418-080745\microsoft-r\r\how-to-revoscaler-distributed-computing-parallel-jobs.md,1,Successful
FolderTest\20190418-080745\microsoft-r\r-reference\revoscaler\rxremotehadoopmrcall.md,1,Successful
FolderTest\20190418-080745\microsoft-r\r-reference\revoscaler\rxformula.md,1,Successful
FolderTest\20190418-080745\microsoft-r\python-reference\revoscalepy\RxFileSystem.md,1,Successful
FolderTest\20190418-080745\microsoft-r\python-reference\revoscalepy\rx-logit.md,1,Successful
FolderTest\20190418-080745\microsoft-r\r-reference\revoscaler\rxcomputecontext-class.md,1,Successful
FolderTest\20190418-080745\microsoft-r\operationalize\python\how-to-consume-web-services.md,1,Successful
FolderTest\20190418-080745\microsoft-r\deployr\deployr-admin-configure-ca-sso.md,1,Successful
FolderTest\20190418-080745\microsoft-r\python\quickstart-binary-classification-with-microsoftml.md,1,Successful
FolderTest\20190418-080745\microsoft-r\r-reference\microsoftml\featurizeimage.md,1,Successful
FolderTest\20190418-080745\microsoft-r\r-reference\revoscaler\rxquantile.md,1,Successful
FolderTest\20190418-080745\microsoft-r\r-reference\microsoftml\rxfastlinear.md,1,Successful
FolderTest\20190418-080745\microsoft-r\r-reference\revoscaler\rxchisquaredtest.md,1,Successful
FolderTest\20190418-080745\microsoft-r\install\r-server-install-hadoop.md,1,Successful
FolderTest\20190418-080745\microsoft-r\r-reference\revoscaler\rxkmeans.md,1,Successful
FolderTest\20190418-080745\microsoft-r\python-reference\microsoftml\squared-loss.md,1,Successful
FolderTest\20190418-080745\microsoft-r\r-reference\microsoftml\dropColumns.md,1,Successful
FolderTest\20190418-080745\microsoft-r\python-reference\microsoftml\categorical-hash.md,1,Successful
FolderTest\20190418-080745\microsoft-r\python-reference\revoscalepy\rx-get-job-status.md,1,Successful
FolderTest\20190418-080745\microsoft-r\install\r-server-install-windows.md,1,Successful
FolderTest\20190418-080745\microsoft-r\install\machine-learning-server-hadoop-install.md,1,Successful
FolderTest\20190418-080745\microsoft-r\r-client\install-on-windows.md,1,Successful
FolderTest\20190418-080745\microsoft-r\r-reference\revoscaler\rxopen-methods.md,1,Successful
FolderTest\20190418-080745\microsoft-r\r-reference\microsoftml\concat.md,1,Successful
FolderTest\20190418-080745\microsoft-r\r\tutorial-revoscaler-large-data-airline.md,1,Successful
FolderTest\20190418-080745\microsoft-r\r\concept-what-is-xdf.md,1,Successful
FolderTest\20190418-080745\microsoft-r\r-reference\revoscaler\rxexecby.md,1,Successful
FolderTest\20190418-080745\microsoft-r\r-reference\revoscaler\rxresultsdf.md,1,Successful
FolderTest\20190418-080745\microsoft-r\install\r-server-install-teradata-805.md,1,Successful
FolderTest\20190418-080745\microsoft-r\r\sample-solutions.md,1,Successful
FolderTest\20190418-080745\microsoft-r\operationalize\configure-roles.md,1,Successful
FolderTest\20190418-080745\microsoft-r\install\machine-learning-server-windows-install.md,1,Successful
FolderTest\20190418-080745\microsoft-r\r\how-to-developer-pemar.md,1,Successful
FolderTest\20190418-080745\microsoft-r\deployr\deployr-security-rserve-execution-context.md,1,Successful
FolderTest\20190418-080745\microsoft-r\python-reference\microsoftml\mkl-math.md,1,Successful
FolderTest\20190418-080745\microsoft-r\python-reference\revoscalepy\rx-write-object.md,1,Successful
FolderTest\20190418-080745\microsoft-r\python-reference\revoscalepy\rx-serialize-model.md,1,Successful
FolderTest\20190418-080745\microsoft-r\r-reference\revopemar\setpemaclass.md,1,Successful
FolderTest\20190418-080745\microsoft-r\python-reference\microsoftml\featurize-text.md,1,Successful
FolderTest\20190418-080745\microsoft-r\r-reference\revoscaler\rxPartition.md,1,Successful
FolderTest\20190418-080745\microsoft-r\r-reference\revoscaler\rxdatastep.md,1,Successful
FolderTest\20190418-080745\microsoft-r\install\operationalize-r-server-enterprise-config.md,1,Successful
FolderTest\20190418-080745\microsoft-r\r-reference\microsoftml\rxpredict.md,1,Successful
FolderTest\20190418-080745\microsoft-r\r-client\what-is-microsoft-r-client.md,1,Successful
FolderTest\20190418-080745\microsoft-r\python-reference\microsoftml\predefined.md,1,Successful
FolderTest\20190418-080745\microsoft-r\python-reference\revoscalepy\rx-get-var-info.md,1,Successful
FolderTest\20190418-080745\microsoft-r\breadcrumb\toc.yml,1,Successful
FolderTest\20190418-080745\microsoft-r\python-reference\revoscalepy\rx-spark-remove-data.md,1,Successful
FolderTest\20190418-080745\microsoft-r\r-reference\revoscaler\rxsetfilesystem.md,1,Successful
FolderTest\20190418-080745\microsoft-r\r-reference\revoscaler\revoscaler-sql-server-functions.md,1,Successful
FolderTest\20190418-080745\microsoft-r\python-reference\microsoftml\get-sentiment.md,1,Successful
FolderTest\20190418-080745\microsoft-r\deployr\deployr-common-administration-tasks.md,1,Successful
FolderTest\20190418-080745\microsoft-r\python-reference\revoscalepy\rx-get-job-info.md,1,Successful
FolderTest\20190418-080745\microsoft-r\python-reference\microsoftml\n-gram-hash.md,1,Successful
FolderTest\20190418-080745\microsoft-r\python-reference\revoscalepy\RxRemoteJobStatus.md,1,Successful
FolderTest\20190418-080745\microsoft-r\deployr\deployr-admin-managing-access-with-ip-filters.md,1,Successful
FolderTest\20190418-080745\microsoft-r\r-reference\revoscaler\rxfilesystem.md,1,Successful
FolderTest\20190418-080745\microsoft-r\python-reference\revoscalepy\rx-hadoop-file-exists.md,1,Successful
FolderTest\20190418-080745\microsoft-r\python-reference\revoscalepy\rx-get-job-output.md,1,Successful
FolderTest\20190418-080745\microsoft-r\r\how-to-revoscaler-data-transform.md,1,Successful
FolderTest\20190418-080745\microsoft-r\r-reference\revoscaler\rxsetcomputecontext.md,1,Successful
FolderTest\20190418-080745\microsoft-r\python-reference\revoscalepy\RxParquetData.md,1,Successful
FolderTest\20190418-080745\microsoft-r\python\how-to-revoscalepy-jupyter-nb-config.md,1,Successful
FolderTest\20190418-080745\microsoft-r\r-reference\revoscaler\rxhdfsconnect.md,1,Successful
FolderTest\20190418-080745\microsoft-r\r\how-to-revoscaler-data-import.md,1,Successful
FolderTest\20190418-080745\microsoft-r\r-reference\revoscaler\rxtransform.md,1,Successful
FolderTest\20190418-080745\microsoft-r\deployr\deployr-install-on-windows.md,1,Successful
FolderTest\20190418-080745\microsoft-r\r\how-to-revoscaler-distributed-computing-foreach.md,1,Successful
FolderTest\20190418-080745\microsoft-r\r-reference\revoscaler\revoscaler-defunct.md,1,Successful
FolderTest\20190418-080745\microsoft-r\r\how-to-execute-code-remotely.md,1,Successful
FolderTest\20190418-080745\microsoft-r\install\r-server-install-linux-uninstall.md,1,Successful
FolderTest\20190418-080745\microsoft-r\operationalize\quickstart-publish-r-web-service.md,1,Successful
FolderTest\20190418-080745\microsoft-r\r\how-to-revoscaler-cluster.md,1,Successful
FolderTest\20190418-080745\microsoft-r\r-reference\revoscaler\airlinedata87to08.md,1,Successful
FolderTest\20190418-080745\microsoft-r\python-reference\microsoftml\mutualinformation-select.md,1,Successful
FolderTest\20190418-080745\microsoft-r\operationalize\configure-https.md,1,Successful
FolderTest\20190418-080745\microsoft-r\r-reference\sqlrutils\setinputparametervalue.md,1,Successful
FolderTest\20190418-080745\microsoft-r\r-reference\microsoftml\getsentiment.md,1,Successful
FolderTest\20190418-080745\microsoft-r\install\machine-learning-server-windows-offline.md,1,Successful
FolderTest\20190418-080745\microsoft-r\r-reference\microsoftml\extractpixels.md,1,Successful
FolderTest\20190418-080745\microsoft-r\r-reference\revoscaler\rxgetpartitions.md,1,Successful
FolderTest\20190418-080745\microsoft-r\r-reference\sqlrutils\setinputdataquery.md,1,Successful
FolderTest\20190418-080745\microsoft-r\r-reference\revoscaler\rxcomparecontexts.md,1,Successful
FolderTest\20190418-080745\microsoft-r\what-is-operationalization.md,1,Successful
FolderTest\20190418-080745\microsoft-r\r-reference\revoscaler\rxgetinfoxdf.md,1,Successful
FolderTest\20190418-080745\microsoft-r\deployr\deployr-admin-scale-and-throughput.md,1,Successful
FolderTest\20190418-080745\microsoft-r\r\how-to-revoscaler-teradata.md,1,Successful
FolderTest\20190418-080745\microsoft-r\operationalize\configure-remote-database-to-operationalize.md,1,Successful
FolderTest\20190418-080745\microsoft-r\what-is-r-server-interoperability.md,1,Successful
FolderTest\20190418-080745\microsoft-r\r-reference\revoscaler\rxcrosstabs.md,1,Successful
FolderTest\20190418-080745\microsoft-r\r-reference\introducing-r-server-r-package-reference.md,1,Successful
FolderTest\20190418-080745\microsoft-r\r-reference\microsoftml\featurizetext.md,1,Successful
FolderTest\20190418-080745\microsoft-r\whats-new-in-machine-learning-server.md,1,Successful
FolderTest\20190418-080745\microsoft-r\install\r-server-install-cloudera-rollback.md,1,Successful
FolderTest\20190418-080745\microsoft-r\operationalize\configure-admin-cli-encrypt-credentials.md,1,Successful
FolderTest\20190418-080745\microsoft-r\python-reference\revoscalepy\rx-cleanup-jobs.md,1,Successful
FolderTest\20190418-080745\microsoft-r\r-reference\sqlrutils\executestoredprocedure.md,1,Successful
FolderTest\20190418-080745\microsoft-r\r-reference\revoscaler\rxroc.md,1,Successful
FolderTest\20190418-080745\microsoft-r\r-reference\revoscaler\revoscaler-teradata-functions.md,1,Successful
FolderTest\20190418-080745\microsoft-r\r-reference\revoscaler\rxcovcor.md,1,Successful
FolderTest\20190418-080745\microsoft-r\r-reference\revoscaler\rxhadoopmr.md,1,Successful
FolderTest\20190418-080745\microsoft-r\r-reference\microsoftml\rxoneclasssvm.md,1,Successful
FolderTest\20190418-080745\microsoft-r\python-reference\microsoftml\clr-math.md,1,Successful
FolderTest\20190418-080745\microsoft-r\install\machine-learning-server-on-data-science-vm.md,1,Successful
FolderTest\20190418-080745\microsoft-r\install\r-server-install-hadoop-configuration-r-workloads.md,1,Successful
FolderTest\20190418-080745\microsoft-r\r-reference\microsoftml\rxfasttrees.md,1,Successful
FolderTest\20190418-080745\microsoft-r\python-reference\revoscalepy\rx-data-step.md,1,Successful
FolderTest\20190418-080745\microsoft-r\r-reference\revoscaler\airlinedemosmall.md,1,Successful
FolderTest\20190418-080745\microsoft-r\r-reference\revoscaler\rxlocalseq.md,1,Successful
FolderTest\20190418-080745\microsoft-r\python-reference\revoscalepy\rx-dtree.md,1,Successful
FolderTest\20190418-080745\microsoft-r\r-reference\mrsdeploy\getremoteobject.md,1,Successful
FolderTest\20190418-080745\microsoft-r\deployr\deployr-repository-manager-about.md,1,Successful
FolderTest\20190418-080745\microsoft-r\python-reference\revoscalepy\rx-exec-by.md,1,Successful
FolderTest\20190418-080745\microsoft-r\deployr\deployr-repository-manager-testing-debugging-scripts.md,1,Successful
FolderTest\20190418-080745\microsoft-r\r-reference\revoscaler\as.kmeans.md,1,Successful
FolderTest\20190418-080745\microsoft-r\deployr\deployr-admin-monitoring-events.md,1,Successful
FolderTest\20190418-080745\microsoft-r\r-reference\mrsdeploy\listremotefiles.md,1,Successful
FolderTest\20190418-080745\microsoft-r\r-reference\revoscaler\rxfactors.md,1,Successful
FolderTest\20190418-080745\microsoft-r\deployr\deployr-security-authentication.md,1,Successful
FolderTest\20190418-080745\microsoft-r\r-reference\revoutils\getrevorepos.md,1,Successful
FolderTest\20190418-080745\microsoft-r\r-reference\microsoftml\oneclasssvm.md,1,Successful
FolderTest\20190418-080745\microsoft-r\r-reference\revoscaler\rxsummary.md,1,Successful
FolderTest\20190418-080745\microsoft-r\r-reference\revoscaler\rxsqlserverdata-class.md,1,Successful
FolderTest\20190418-080745\microsoft-r\deployr\deployr-admin-console-database.md,1,Successful