localtest\20190607-034443\microsoft-r\r-reference\mrsdeploy\listservices.md.xlf,Succeeded,Successful
localtest\20190607-034443\microsoft-r\python-reference\revoscalepy\RxOdbcData.md.xlf,Succeeded,Successful
localtest\20190607-034443\microsoft-r\install\r-server-install-hadoop-troubleshoot.md.xlf,Succeeded,Successful
localtest\20190607-034443\microsoft-r\r-reference\revoscaler\rxdatasource-class.md.xlf,Succeeded,Successful
localtest\20190607-034443\microsoft-r\operationalize\how-to-manage-access-tokens.md.xlf,Succeeded,Successful
localtest\20190607-034443\microsoft-r\r-reference\revoscaler\rxgetjobinfo.md.xlf,Succeeded,Successful
localtest\20190607-034443\microsoft-r\deployr\deployr-admin-configure-high-availability.md.xlf,Succeeded,Successful
localtest\20190607-034443\microsoft-r\python-reference\revoscalepy\rx-spark-connect.md.xlf,Succeeded,Successful
localtest\20190607-034443\microsoft-r\r-reference\revoscaler\rxxdfdata.md.xlf,Succeeded,Successful
localtest\20190607-034443\microsoft-r\python-reference\microsoftml\extract-pixels.md.xlf,Succeeded,Successful
localtest\20190607-034443\microsoft-r\r-reference\revoscaler\rxrealtimescoring.md.xlf,Succeeded,Successful
localtest\20190607-034443\microsoft-r\python\quickstart-python-tools.md.xlf,Succeeded,Successful
localtest\20190607-034443\microsoft-r\operationalize\configure-admin-cli-compute-uris.md.xlf,Succeeded,Successful
localtest\20190607-034443\microsoft-r\r-reference\revoscaler\rxsplitxdf.md.xlf,Succeeded,Successful
localtest\20190607-034443\microsoft-r\r-client\compatibility-with-server.md.xlf,Succeeded,Successful
localtest\20190607-034443\microsoft-r\python-reference\revoscalepy\rx-get-jobs.md.xlf,Succeeded,Successful
localtest\20190607-034443\microsoft-r\python-reference\microsoftml\sse-math.md.xlf,Succeeded,Successful
localtest\20190607-034443\microsoft-r\python-reference\revoscalepy\rx-predict-rx-dtree.md.xlf,Succeeded,Successful
localtest\20190607-034443\microsoft-r\r-reference\revoscaler\rxstepcontrol.md.xlf,Succeeded,Successful
localtest\20190607-034443\microsoft-r\operationalize\configure-start-for-administrators.md.xlf,Succeeded,Successful
localtest\20190607-034443\microsoft-r\r-reference\microsoftml\ensembleControl.md.xlf,Succeeded,Successful
localtest\20190607-034443\microsoft-r\r-reference\revoscaler\as.gbm.md.xlf,Succeeded,Successful
localtest\20190607-034443\microsoft-r\r-reference\revoscaler\rxcleanup.md.xlf,Succeeded,Successful
localtest\20190607-034443\microsoft-r\r-reference\revoscaler\censusus5pct2000.md.xlf,Succeeded,Successful
localtest\20190607-034443\microsoft-r\toc.yml.xlf,Succeeded,Successful
localtest\20190607-034443\microsoft-r\python-reference\microsoftml\drop-columns.md.xlf,Succeeded,Successful
localtest\20190607-034443\microsoft-r\r\tutorial-sparklyr-revoscaler.md.xlf,Succeeded,Successful
localtest\20190607-034443\microsoft-r\r\how-to-revoscaler-naive-bayes.md.xlf,Succeeded,Successful
localtest\20190607-034443\microsoft-r\python-reference\revoscalepy\rx-get-partitions.md.xlf,Succeeded,Successful
localtest\20190607-034443\microsoft-r\r-reference\revoscaler\airontime87to12.md.xlf,Succeeded,Successful
localtest\20190607-034443\microsoft-r\r-reference\revoscaler\rxserializemodel.md.xlf,Succeeded,Successful
localtest\20190607-034443\microsoft-r\r-reference\revoscaler\as.randomForest.md.xlf,Succeeded,Successful
localtest\20190607-034443\microsoft-r\r-reference\revoscaler\rxbtrees.md.xlf,Succeeded,Successful
localtest\20190607-034443\microsoft-r\python-reference\microsoftml\mutualinformation-select.md.xlf,Succeeded,Successful
localtest\20190607-034443\microsoft-r\r-reference\microsoftml\rxHashEnv.md.xlf,Succeeded,Successful
localtest\20190607-034443\microsoft-r\operationalize\configure-run-diagnostics.md.xlf,Succeeded,Successful
localtest\20190607-034443\microsoft-r\deployr\deployr-admin-console-user-accounts.md.xlf,Succeeded,Successful
localtest\20190607-034443\.openpublishing.publish.config.json.xlf,Succeeded,Successful
localtest\20190607-034443\microsoft-r\python\tutorial-revoscalepy-pyspark.md.xlf,Succeeded,Successful
localtest\20190607-034443\microsoft-r\r-reference\mrsdeploy\request.md.xlf,Succeeded,Successful
localtest\20190607-034443\microsoft-r\r-reference\revoscaler\rxexpression.md.xlf,Succeeded,Successful
localtest\20190607-034443\microsoft-r\r-reference\revopemar\pemar.md.xlf,Succeeded,Successful
localtest\20190607-034443\microsoft-r\deployr\deployr-admin-console-about.md.xlf,Succeeded,Successful
localtest\20190607-034443\microsoft-r\r-reference\revoscaler\rxcovcor.md.xlf,Succeeded,Successful
localtest\20190607-034443\microsoft-r\python-reference\revoscalepy\rx-get-job-info.md.xlf,Succeeded,Successful
localtest\20190607-034443\microsoft-r\python-reference\microsoftml\categorical.md.xlf,Succeeded,Successful
localtest\20190607-034443\microsoft-r\python-reference\azureml-model-management-sdk\service.md.xlf,Succeeded,Successful
localtest\20190607-034443\microsoft-r\r-reference\revoscaler\djiadaily.md.xlf,Succeeded,Successful
localtest\20190607-034443\microsoft-r\python-reference\microsoftml\load-image.md.xlf,Succeeded,Successful
localtest\20190607-034443\microsoft-r\r-reference\revoscaler\rxglm.md.xlf,Succeeded,Successful
localtest\20190607-034443\microsoft-r\r-reference\microsoftml\getSampleDataDir.md.xlf,Succeeded,Successful
localtest\20190607-034443\microsoft-r\r-reference\microsoftml\concat.md.xlf,Succeeded,Successful
localtest\20190607-034443\microsoft-r\r\how-to-revoscaler-crosstabs.md.xlf,Succeeded,Successful
localtest\20190607-034443\microsoft-r\r-reference\revoscaler\rxsqlserverdata-class.md.xlf,Succeeded,Successful
localtest\20190607-034443\microsoft-r\r\rpe\revorpe-users-guide.md.xlf,Succeeded,Successful
localtest\20190607-034443\microsoft-r\deployr\deployr-admin-monitoring-events.md.xlf,Succeeded,Successful
localtest\20190607-034443\microsoft-r\operationalize\python\how-to-deploy-manage-web-services.md.xlf,Succeeded,Successful
localtest\20190607-034443\microsoft-r\python-reference\microsoftml\get-sentiment.md.xlf,Succeeded,Successful
localtest\20190607-034443\microsoft-r\r-reference\sqlrutils\executestoredprocedure.md.xlf,Succeeded,Successful
localtest\20190607-034443\microsoft-r\r-reference\olapr\query.md.xlf,Succeeded,Successful
localtest\20190607-034443\microsoft-r\r\how-to-revoscaler-distributed-computing-background-jobs.md.xlf,Succeeded,Successful
localtest\20190607-034443\microsoft-r\install\r-server-install-supported-platforms.md.xlf,Succeeded,Successful
localtest\20190607-034443\microsoft-r\r-reference\revoscaler\rxforeachdopar.md.xlf,Succeeded,Successful
localtest\20190607-034443\microsoft-r\what-is-machine-learning-server.md.xlf,Succeeded,Successful
localtest\20190607-034443\microsoft-r\python-reference\revoscalepy\rx-exec-by.md.xlf,Succeeded,Successful
localtest\20190607-034443\microsoft-r\r-reference\revoscaler\rxcanceljob.md.xlf,Succeeded,Successful
localtest\20190607-034443\microsoft-r\r-reference\mrsdeploy\downloadsnapshot.md.xlf,Succeeded,Successful
localtest\20190607-034443\microsoft-r\r-reference\revoscaler\rxcompressxdf.md.xlf,Succeeded,Successful
localtest\20190607-034443\microsoft-r\install\machine-learning-server-in-the-cloud.md.xlf,Succeeded,Successful
localtest\20190607-034443\microsoft-r\r\how-to-revoscaler-decision-forest.md.xlf,Succeeded,Successful
localtest\20190607-034443\microsoft-r\r-reference\revoscaler\rxxdfdata-class.md.xlf,Succeeded,Successful
localtest\20190607-034443\microsoft-r\python-reference\revoscalepy\rx-privacy-control.md.xlf,Succeeded,Successful
localtest\20190607-034443\microsoft-r\r-reference\revoscaler\rxstopengine.md.xlf,Succeeded,Successful
localtest\20190607-034443\microsoft-r\deployr\deployr-admin-manage-big-data.md.xlf,Succeeded,Successful
localtest\20190607-034443\microsoft-r\r-reference\revoscaler\rxsparkdata.md.xlf,Succeeded,Successful
localtest\20190607-034443\microsoft-r\r\how-to-developer-pemar.md.xlf,Succeeded,Successful
localtest\20190607-034443\microsoft-r\python-reference\revoscalepy\index.md.xlf,Succeeded,Successful
localtest\20190607-034443\microsoft-r\python-reference\revoscalepy\rx-set-var-info.md.xlf,Succeeded,Successful
localtest\20190607-034443\microsoft-r\operationalize\python\quickstart-application-integration-with-swagger.md.xlf,Succeeded,Successful
localtest\20190607-034443\microsoft-r\r-client\install-on-windows.md.xlf,Succeeded,Successful
localtest\20190607-034443\microsoft-r\operationalize\configure-roles.md.xlf,Succeeded,Successful
localtest\20190607-034443\microsoft-r\r-reference\revoscaler\censusworkers.md.xlf,Succeeded,Successful
localtest\20190607-034443\microsoft-r\deployr\deployr-welcome.md.xlf,Succeeded,Successful
localtest\20190607-034443\microsoft-r\python-reference\revoscalepy\rx-cleanup-jobs.md.xlf,Succeeded,Successful
localtest\20190607-034443\microsoft-r\r-reference\mrsdeploy\getremoteobject.md.xlf,Succeeded,Successful
localtest\20190607-034443\microsoft-r\python-reference\revoscalepy\rx-hadoop-make-dir.md.xlf,Succeeded,Successful
localtest\20190607-034443\microsoft-r\r\how-to-revoscaler-boosting.md.xlf,Succeeded,Successful
localtest\20190607-034443\microsoft-r\r-reference\revoscaler\revoscaler-hadoop-functions.md.xlf,Succeeded,Successful
localtest\20190607-034443\microsoft-r\r-reference\revoscaler\rxcreatecolinfo.md.xlf,Succeeded,Successful
localtest\20190607-034443\microsoft-r\operationalize\python\how-to-consume-web-services-async.md.xlf,Succeeded,Successful
localtest\20190607-034443\microsoft-r\r-reference\revoscaler\rxtlcbridge.md.xlf,Succeeded,Successful
localtest\20190607-034443\microsoft-r\r\how-to-revoscaler-data-summaries.md.xlf,Succeeded,Successful
localtest\20190607-034443\microsoft-r\r-reference\mrsdeploy\remotescript.md.xlf,Succeeded,Successful
localtest\20190607-034443\microsoft-r\python-reference\revoscalepy\RxHiveData.md.xlf,Succeeded,Successful
localtest\20190607-034443\microsoft-r\r-reference\mrsdeploy\putlocalfile.md.xlf,Succeeded,Successful
localtest\20190607-034443\microsoft-r\r-reference\revoscaler\rxxdftotext.md.xlf,Succeeded,Successful
localtest\20190607-034443\microsoft-r\python-reference\revoscalepy\rx-predict-rx-dforest.md.xlf,Succeeded,Successful
localtest\20190607-034443\microsoft-r\r-reference\revoscaler\rxPredict.rxDForest.md.xlf,Succeeded,Successful
localtest\20190607-034443\microsoft-r\r-reference\revoscaler\rxformula.md.xlf,Succeeded,Successful
localtest\20190607-034443\microsoft-r\python-reference\revoscalepy\rx-spark-remove-data.md.xlf,Succeeded,Successful
localtest\20190607-034443\microsoft-r\python-reference\revoscalepy\rx-hadoop-move.md.xlf,Succeeded,Successful
localtest\20190607-034443\microsoft-r\rebranding-microsoft-r-server.md.xlf,Succeeded,Successful
localtest\20190607-034443\microsoft-r\r\how-to-revoscaler-distributed-computing-parallel-jobs.md.xlf,Succeeded,Successful
localtest\20190607-034443\microsoft-r\r-reference\revoscaler\rxpredict.md.xlf,Succeeded,Successful
localtest\20190607-034443\microsoft-r\install\r-server-install-hadoop-configuration-r-workloads.md.xlf,Succeeded,Successful
localtest\20190607-034443\TransformationProcessReport.csv,Skipped,Skipped - No tranformation required
localtest\20190607-034443\microsoft-r\r\r-samples.md.xlf,Succeeded,Successful
localtest\20190607-034443\microsoft-r\deployr\deployr-admin-managing-server-policies.md.xlf,Succeeded,Successful
localtest\20190607-034443\microsoft-r\r\how-to-revoscaler-data-odbc.md.xlf,Succeeded,Successful
localtest\20190607-034443\microsoft-r\r-reference\sqlrutils\storedprocedure.md.xlf,Succeeded,Successful
localtest\20190607-034443\microsoft-r\r-reference\microsoftml\loss.md.xlf,Succeeded,Successful
localtest\20190607-034443\microsoft-r\r\concept-what-is-the-microsoftml-package.md.xlf,Succeeded,Successful
localtest\20190607-034443\microsoft-r\r-reference\revoscaler\rxinstalledpackages.md.xlf,Succeeded,Successful
localtest\20190607-034443\microsoft-r\r-reference\revoscaler\rxspark-class.md.xlf,Succeeded,Successful
localtest\20190607-034443\microsoft-r\r-reference\revoscaler\rxinstallpackages.md.xlf,Succeeded,Successful
localtest\20190607-034443\microsoft-r\deployr\deployr-security-https.md.xlf,Succeeded,Successful
localtest\20190607-034443\microsoft-r\r-reference\mrsdeploy\summary.serviceDetails.md.xlf,Succeeded,Successful
localtest\20190607-034443\microsoft-r\python-reference\revoscalepy\rx-cancel-job.md.xlf,Succeeded,Successful
localtest\20190607-034443\microsoft-r\install\r-server-install-windows-command-line.md.xlf,Succeeded,Successful
localtest\20190607-034443\microsoft-r\r-reference\mrsdeploy\loadsnapshot.md.xlf,Succeeded,Successful
localtest\20190607-034443\microsoft-r\whats-new-in-r-server.md.xlf,Succeeded,Successful
localtest\20190607-034443\microsoft-r\r-reference\revoscaler\rxsqlserverdata.md.xlf,Succeeded,Successful
localtest\20190607-034443\microsoft-r\r-reference\microsoftml\rxpredict.md.xlf,Succeeded,Successful
localtest\20190607-034443\microsoft-r\r-reference\microsoftml\rxoneclasssvm.md.xlf,Succeeded,Successful
localtest\20190607-034443\microsoft-r\operationalize\how-to-deploy-web-service-publish-manage-in-r.md.xlf,Succeeded,Successful
localtest\20190607-034443\microsoft-r\r-reference\revoscaler\rxhadoopmr-class.md.xlf,Succeeded,Successful
localtest\20190607-034443\microsoft-r\resources-glossary.md.xlf,Succeeded,Successful
localtest\20190607-034443\microsoft-r\r-reference\revoscaler\rxgetvarnames.md.xlf,Succeeded,Successful
localtest\20190607-034443\microsoft-r\r-reference\revoscaler\rxlocalparallel.md.xlf,Succeeded,Successful
localtest\20190607-034443\microsoft-r\r\tutorial-introduction.md.xlf,Succeeded,Successful
localtest\20190607-034443\microsoft-r\r-reference\revoscaler\rxhdfsconnect.md.xlf,Succeeded,Successful
localtest\20190607-034443\microsoft-r\r\tutorial-revoscaler-data-model-analysis.md.xlf,Succeeded,Successful
localtest\20190607-034443\microsoft-r\r\how-to-revoscaler-cluster.md.xlf,Succeeded,Successful
localtest\20190607-034443\microsoft-r\r\how-to-revoscaler-distributed-computing-distributed-analysis.md.xlf,Succeeded,Successful
localtest\20190607-034443\microsoft-r\python-reference\azureml-model-management-sdk\mlserver.md.xlf,Succeeded,Successful
localtest\20190607-034443\microsoft-r\python-reference\revoscalepy\rx-get-var-names.md.xlf,Succeeded,Successful
localtest\20190607-034443\microsoft-r\r-reference\revoscaler\rxPartition.md.xlf,Succeeded,Successful
localtest\20190607-034443\microsoft-r\r-reference\mrsdeploy\listsnapshots.md.xlf,Succeeded,Successful
localtest\20190607-034443\microsoft-r\docfx.json.xlf,Succeeded,Successful
localtest\20190607-034443\microsoft-r\r-reference\revoscaler\rxprivacycontrol.md.xlf,Succeeded,Successful
localtest\20190607-034443\microsoft-r\r\concept-what-is-data-transformations.md.xlf,Succeeded,Successful
localtest\20190607-034443\microsoft-r\python-reference\microsoftml\resize-image.md.xlf,Succeeded,Successful
localtest\20190607-034443\microsoft-r\python-reference\microsoftml\count-select.md.xlf,Succeeded,Successful
localtest\20190607-034443\microsoft-r\r-reference\mrsdeploy\getValidatedServiceType.md.xlf,Succeeded,Successful
localtest\20190607-034443\microsoft-r\r-reference\revoscaler\rxoptions.md.xlf,Succeeded,Successful
localtest\20190607-034443\microsoft-r\r-reference\olapr\olapconnection.md.xlf,Succeeded,Successful
localtest\20190607-034443\microsoft-r\r-reference\revoscaler\rxhdfsfilesystem.md.xlf,Succeeded,Successful
localtest\20190607-034443\microsoft-r\install\r-server-install-windows-vm-803-provisioning.md.xlf,Succeeded,Successful
localtest\20190607-034443\microsoft-r\r-reference\revoscaler\rxspssdata-class.md.xlf,Succeeded,Successful
localtest\20190607-034443\microsoft-r\r-reference\revoscaler\rxgetjobresults.md.xlf,Succeeded,Successful
localtest\20190607-034443\microsoft-r\r-reference\revoscaler\rxpingnodes.md.xlf,Succeeded,Successful
localtest\20190607-034443\microsoft-r\operationalize\configure-admin-cli-encrypt-credentials.md.xlf,Succeeded,Successful
localtest\20190607-034443\microsoft-r\r-reference\revoscaler\rxsparkcachedata.md.xlf,Succeeded,Successful
localtest\20190607-034443\microsoft-r\r-reference\revopemar\setpemaclass.md.xlf,Succeeded,Successful
localtest\20190607-034443\microsoft-r\python-reference\azureml-model-management-sdk\batch.md.xlf,Succeeded,Successful
localtest\20190607-034443\microsoft-r\r-reference\revoscaler\rxremotehadoopmrcall.md.xlf,Succeeded,Successful
localtest\20190607-034443\microsoft-r\python-reference\revoscalepy\RxOptions.md.xlf,Succeeded,Successful
localtest\20190607-034443\microsoft-r\r-reference\revoscaler\rxresultsdf.md.xlf,Succeeded,Successful
localtest\20190607-034443\microsoft-r\python-reference\revoscalepy\rx-create-col-info.md.xlf,Succeeded,Successful
localtest\20190607-034443\microsoft-r\r-reference\mrsdeploy\updateservice.md.xlf,Succeeded,Successful
localtest\20190607-034443\microsoft-r\r-reference\sqlrutils\setinputparametervalue.md.xlf,Succeeded,Successful
localtest\20190607-034443\microsoft-r\r-reference\revoscaler\rxspssdata.md.xlf,Succeeded,Successful
localtest\20190607-034443\microsoft-r\python-reference\revoscalepy\RxMissingValues.md.xlf,Succeeded,Successful
localtest\20190607-034443\microsoft-r\r-reference\revoscaler\rxsetinfo.md.xlf,Succeeded,Successful
localtest\20190607-034443\microsoft-r\r\how-to-revoscaler-data-hdfs.md.xlf,Succeeded,Successful
localtest\20190607-034443\microsoft-r\python-reference\azureml-model-management-sdk\batch-response.md.xlf,Succeeded,Successful
localtest\20190607-034443\microsoft-r\r-reference\revopemar\pemabaseclass.md.xlf,Succeeded,Successful
localtest\20190607-034443\microsoft-r\r-reference\revoscaler\rxdatasource.md.xlf,Succeeded,Successful
localtest\20190607-034443\microsoft-r\r-client\install-on-linux.md.xlf,Succeeded,Successful
localtest\20190607-034443\microsoft-r\r-reference\revoscaler\revoscaler-defunct.md.xlf,Succeeded,Successful
localtest\20190607-034443\microsoft-r\python-reference\microsoftml\adadelta-optimizer.md.xlf,Succeeded,Successful
localtest\20190607-034443\microsoft-r\what-is-r-client-r-server.md.xlf,Succeeded,Successful
localtest\20190607-034443\microsoft-r\r-reference\mrsdeploy\putlocalobject.md.xlf,Succeeded,Successful
localtest\20190607-034443\microsoft-r\r-reference\sqlrutils\outputparameter.md.xlf,Succeeded,Successful
localtest\20190607-034443\microsoft-r\r\how-to-revoscaler-spark.md.xlf,Succeeded,Successful
localtest\20190607-034443\microsoft-r\install\r-server-install-teradata-805.md.xlf,Succeeded,Successful
localtest\20190607-034443\microsoft-r\r-reference\revoscaler\rxsortxdf.md.xlf,Succeeded,Successful
localtest\20190607-034443\microsoft-r\python-reference\microsoftml\microsoftml-package.md.xlf,Succeeded,Successful
localtest\20190607-034443\microsoft-r\python-reference\revoscalepy\RxParquetData.md.xlf,Succeeded,Successful
localtest\20190607-034443\microsoft-r\r\concept-what-is-sql-server-r-services.md.xlf,Succeeded,Successful
localtest\20190607-034443\microsoft-r\r\sample-solutions.md.xlf,Succeeded,Successful
localtest\20190607-034443\microsoft-r\r-reference\revoscaler\rxgetvarinfoxdf.md.xlf,Succeeded,Successful
localtest\20190607-034443\microsoft-r\r\how-to-revoscaler-models.md.xlf,Succeeded,Successful
localtest\20190607-034443\microsoft-r\install\machine-learning-server-linux-install.md.xlf,Succeeded,Successful
localtest\20190607-034443\microsoft-r\r-reference\revoscaler\rxPredict.rxNaiveBayes.md.xlf,Succeeded,Successful
localtest\20190607-034443\microsoft-r\deployr\deployr-admin-r-package-management.md.xlf,Succeeded,Successful
localtest\20190607-034443\microsoft-r\r-reference\revoscaler\rxlogit.md.xlf,Succeeded,Successful
localtest\20190607-034443\microsoft-r\install\operationalize-r-server-enterprise-config.md.xlf,Succeeded,Successful
localtest\20190607-034443\microsoft-r\python-reference\revoscalepy\rx-list-keys.md.xlf,Succeeded,Successful
localtest\20190607-034443\microsoft-r\deployr\deployr-security.md.xlf,Succeeded,Successful
localtest\20190607-034443\microsoft-r\r-reference\revoutils\totalsystemmemory.md.xlf,Succeeded,Successful
localtest\20190607-034443\microsoft-r\python-reference\microsoftml\rx-neural-network.md.xlf,Succeeded,Successful
localtest\20190607-034443\microsoft-r\deployr\deployr-installing-configuring.md.xlf,Succeeded,Successful
localtest\20190607-034443\microsoft-r\r-reference\revoscaler\rxfiledata-class.md.xlf,Succeeded,Successful
localtest\20190607-034443\microsoft-r\r-reference\revoscaler\revoscaler-teradata-functions.md.xlf,Succeeded,Successful
localtest\20190607-034443\microsoft-r\python-reference\azureml-model-management-sdk\operationalization.md.xlf,Succeeded,Successful
localtest\20190607-034443\microsoft-r\install\r-server-install-cloudera-deploy-activate.md.xlf,Succeeded,Successful
localtest\20190607-034443\microsoft-r\r-reference\revoscaler\rxinsqlserver.md.xlf,Succeeded,Successful
localtest\20190607-034443\microsoft-r\r-reference\revoscaler\rxxdffilename.md.xlf,Succeeded,Successful
localtest\20190607-034443\microsoft-r\r\how-to-revoscaler-data-import.md.xlf,Succeeded,Successful
localtest\20190607-034443\microsoft-r\operationalize\configure-admin-cli-launch.md.xlf,Succeeded,Successful
localtest\20190607-034443\microsoft-r\r-reference\microsoftml\logisticregression.md.xlf,Succeeded,Successful
localtest\20190607-034443\microsoft-r\r-reference\mrsdeploy\remoteexecute.md.xlf,Succeeded,Successful
localtest\20190607-034443\microsoft-r\r-reference\mrsdeploy\putlocalworkspace.md.xlf,Succeeded,Successful
localtest\20190607-034443\microsoft-r\r-reference\microsoftml\resizeimage.md.xlf,Succeeded,Successful
localtest\20190607-034443\microsoft-r\r-reference\mrsdeploy\ConfigureServicePool.md.xlf,Succeeded,Successful
localtest\20190607-034443\microsoft-r\r-reference\revoscaler\rxlinmod.md.xlf,Succeeded,Successful
localtest\20190607-034443\microsoft-r\r-reference\microsoftml\loadimage.md.xlf,Succeeded,Successful
localtest\20190607-034443\microsoft-r\operationalize\how-to-build-api-clients-from-swagger-for-app-integration.md.xlf,Succeeded,Successful
localtest\20190607-034443\microsoft-r\operationalize\python\how-to-consume-web-services.md.xlf,Succeeded,Successful
localtest\20190607-034443\microsoft-r\r-reference\revoutils\revoutils.md.xlf,Succeeded,Successful
localtest\20190607-034443\microsoft-r\r-reference\revoutils\readnews.md.xlf,Succeeded,Successful
localtest\20190607-034443\microsoft-r\deployr\deployr-admin-console-managing-r-scripts.md.xlf,Succeeded,Successful
localtest\20190607-034443\microsoft-r\r-reference\mrsdeploy\remotelogin.md.xlf,Succeeded,Successful
localtest\20190607-034443\microsoft-r\r-reference\microsoftml\featurizeimage.md.xlf,Succeeded,Successful
localtest\20190607-034443\microsoft-r\r-reference\revoscaler\rxdtree.md.xlf,Succeeded,Successful
localtest\20190607-034443\microsoft-r\r-reference\revoutils\revoinfo.md.xlf,Succeeded,Successful
localtest\20190607-034443\microsoft-r\r-reference\revoscaler\rxhpcserver-class.md.xlf,Succeeded,Successful
localtest\20190607-034443\microsoft-r\python-reference\revoscalepy\RxHdfsFileSystem.md.xlf,Succeeded,Successful
localtest\20190607-034443\microsoft-r\r\concept-what-is-xdf.md.xlf,Succeeded,Successful
localtest\20190607-034443\microsoft-r\deployr\deployr-admin-managing-access-with-ip-filters.md.xlf,Succeeded,Successful
localtest\20190607-034443\microsoft-r\python-reference\revoscalepy\RxRemoteJob.md.xlf,Succeeded,Successful
localtest\20190607-034443\microsoft-r\operationalize\configure-find-admin-configuration-file.md.xlf,Succeeded,Successful
localtest\20190607-034443\microsoft-r\r-reference\microsoftml\oneclasssvm.md.xlf,Succeeded,Successful
localtest\20190607-034443\microsoft-r\r\sample-built-in-data.md.xlf,Succeeded,Successful
localtest\20190607-034443\microsoft-r\python-reference\microsoftml\concat.md.xlf,Succeeded,Successful
localtest\20190607-034443\microsoft-r\r-reference\sqlrutils\outputdata.md.xlf,Succeeded,Successful
localtest\20190607-034443\microsoft-r\r-reference\revoscaler\as.lm.md.xlf,Succeeded,Successful
localtest\20190607-034443\microsoft-r\install\r-server-install-teradata-server.md.xlf,Succeeded,Successful
localtest\20190607-034443\microsoft-r\r-reference\microsoftml\fastforest.md.xlf,Succeeded,Successful
localtest\20190607-034443\microsoft-r\deployr\deployr-rbroker-framework.md.xlf,Succeeded,Successful
localtest\20190607-034443\microsoft-r\r-reference\microsoftml\rxfasttrees.md.xlf,Succeeded,Successful
localtest\20190607-034443\microsoft-r\install\r-server-install-linux-server-901.md.xlf,Succeeded,Successful
localtest\20190607-034443\microsoft-r\python\quickstart-revoscalepy-linear-regression-model.md.xlf,Succeeded,Successful
localtest\20190607-034443\microsoft-r\python-reference\introducing-python-package-reference.md.xlf,Succeeded,Successful
localtest\20190607-034443\microsoft-r\python\how-to-revoscalepy.md.xlf,Succeeded,Successful
localtest\20190607-034443\.openpublishing.redirection.json.xlf,Succeeded,Successful
localtest\20190607-034443\microsoft-r\deployr\deployr-security-rserve-execution-context.md.xlf,Succeeded,Successful
localtest\20190607-034443\microsoft-r\r-reference\revoscaler\rxsyncpackages.md.xlf,Succeeded,Successful
localtest\20190607-034443\microsoft-r\r-reference\revoscaler\rxdtreebestcp.md.xlf,Succeeded,Successful
localtest\20190607-034443\microsoft-r\python-reference\microsoftml\rx-featurize.md.xlf,Succeeded,Successful
localtest\20190607-034443\microsoft-r\r-reference\revoscaler\mortdefaultsmall.md.xlf,Succeeded,Successful
localtest\20190607-034443\microsoft-r\r-reference\revoscaler\kyphosis.md.xlf,Succeeded,Successful
localtest\20190607-034443\microsoft-r\deployr\deployr-security-server-access.md.xlf,Succeeded,Successful
localtest\20190607-034443\microsoft-r\python-reference\revoscalepy\rx-get-job-results.md.xlf,Succeeded,Successful
localtest\20190607-034443\microsoft-r\python-reference\revoscalepy\RxDataSource.md.xlf,Succeeded,Successful
localtest\20190607-034443\microsoft-r\operationalize\concept-api.md.xlf,Succeeded,Successful
localtest\20190607-034443\microsoft-r\r\concept-what-is-compute-context.md.xlf,Succeeded,Successful
localtest\20190607-034443\microsoft-r\python-reference\microsoftml\squared-loss.md.xlf,Succeeded,Successful
localtest\20190607-034443\microsoft-r\r-reference\revoscaler\rxinsqlserver-class.md.xlf,Succeeded,Successful
localtest\20190607-034443\microsoft-r\deployr\deployr-admin-configure-ca-sso.md.xlf,Succeeded,Successful
localtest\20190607-034443\microsoft-r\resources-deprecated-features.md.xlf,Succeeded,Successful
localtest\20190607-034443\microsoft-r\python-reference\microsoftml\n-gram.md.xlf,Succeeded,Successful
localtest\20190607-034443\microsoft-r\r-reference\revoscaler\rxelemarg.md.xlf,Succeeded,Successful
localtest\20190607-034443\microsoft-r\r-reference\revoscaler\rxnew.md.xlf,Succeeded,Successful
localtest\20190607-034443\microsoft-r\python-reference\revoscalepy\rx-partition.md.xlf,Succeeded,Successful
localtest\20190607-034443\microsoft-r\operationalize\how-to-create-manage-session-pools.md.xlf,Succeeded,Successful
localtest\20190607-034443\microsoft-r\python-reference\revoscalepy\rx-serialize-model.md.xlf,Succeeded,Successful
localtest\20190607-034443\microsoft-r\python-reference\azureml-model-management-sdk\azureml-model-management-sdk.md.xlf,Succeeded,Successful
localtest\20190607-034443\microsoft-r\r\how-to-revoscaler-distributed-computing.md.xlf,Succeeded,Successful
localtest\20190607-034443\microsoft-r\r-reference\revoutils\getrevorepos.md.xlf,Succeeded,Successful
localtest\20190607-034443\microsoft-r\r-reference\revoscaler\rxtextdata-class.md.xlf,Succeeded,Successful
localtest\20190607-034443\microsoft-r\r\how-to-revoscaler-covcor.md.xlf,Succeeded,Successful
localtest\20190607-034443\microsoft-r\install\machine-learning-server-linux-uninstall.md.xlf,Succeeded,Successful
localtest\20190607-034443\microsoft-r\r-reference\revoscaler\rxmergexdf.md.xlf,Succeeded,Successful
localtest\20190607-034443\microsoft-r\python-reference\microsoftml\rx-ensemble.md.xlf,Succeeded,Successful
localtest\20190607-034443\microsoft-r\r-reference\revoscaler\rxfactors.md.xlf,Succeeded,Successful
localtest\20190607-034443\microsoft-r\install\machine-learning-server-windows-packages.md.xlf,Succeeded,Successful
localtest\20190607-034443\microsoft-r\r\tutorial-rxexecby.md.xlf,Succeeded,Successful
localtest\20190607-034443\microsoft-r\r-reference\revoscaler\rxexecutesqlddl.md.xlf,Succeeded,Successful
localtest\20190607-034443\microsoft-r\r\concept-what-is-revoscaler.md.xlf,Succeeded,Successful
localtest\20190607-034443\microsoft-r\r-reference\revoscaler\rxsparkdataops.md.xlf,Succeeded,Successful
localtest\20190607-034443\microsoft-r\python-reference\microsoftml\log-loss.md.xlf,Succeeded,Successful
localtest\20190607-034443\microsoft-r\what-is-r-server-interoperability.md.xlf,Succeeded,Successful
localtest\20190607-034443\microsoft-r\python-reference\microsoftml\index.md.xlf,Succeeded,Successful
localtest\20190607-034443\microsoft-r\r-reference\revoscaler\rxgetjoboutput.md.xlf,Succeeded,Successful
localtest\20190607-034443\microsoft-r\python-reference\revoscalepy\rx-spark-disconnect.md.xlf,Succeeded,Successful
localtest\20190607-034443\microsoft-r\r\tutorial-revoscaler-large-data-census.md.xlf,Succeeded,Successful
localtest\20190607-034443\microsoft-r\python-reference\revoscalepy\revoscalepy-package.md.xlf,Succeeded,Successful
localtest\20190607-034443\microsoft-r\python-reference\revoscalepy\rx-hadoop-copy.md.xlf,Succeeded,Successful
localtest\20190607-034443\microsoft-r\breadcrumb\toc.yml.xlf,Succeeded,Successful
localtest\20190607-034443\microsoft-r\python-reference\revoscalepy\RxFileSystem.md.xlf,Succeeded,Successful
localtest\20190607-034443\microsoft-r\r-reference\olapr\olapr.md.xlf,Succeeded,Successful
localtest\20190607-034443\microsoft-r\r-reference\revoscaler\rxwaitforjob.md.xlf,Succeeded,Successful
localtest\20190607-034443\microsoft-r\r-reference\microsoftml\selectColumns.md.xlf,Succeeded,Successful
localtest\20190607-034443\microsoft-r\r-reference\revoscaler\rxsetfilesystem.md.xlf,Succeeded,Successful
localtest\20190607-034443\microsoft-r\r-reference\revoscaler\as.naiveBayes.md.xlf,Succeeded,Successful
localtest\20190607-034443\microsoft-r\deployr\deployr-admin-configure-reinstall-r.md.xlf,Succeeded,Successful
localtest\20190607-034443\microsoft-r\r-reference\microsoftml\optimizer.md.xlf,Succeeded,Successful
localtest\20190607-034443\microsoft-r\r-reference\revoscaler\as.glm.md.xlf,Succeeded,Successful
localtest\20190607-034443\microsoft-r\r-reference\microsoftml\getNetDefinition.md.xlf,Succeeded,Successful
localtest\20190607-034443\microsoft-r\python-reference\revoscalepy\rx-import.md.xlf,Succeeded,Successful
localtest\20190607-034443\microsoft-r\deployr\deployr-security-passwords.md.xlf,Succeeded,Successful
localtest\20190607-034443\microsoft-r\r-reference\mrsdeploy\deletesnapshot.md.xlf,Succeeded,Successful
localtest\20190607-034443\microsoft-r\r-reference\microsoftml\fasttrees.md.xlf,Succeeded,Successful
localtest\20190607-034443\microsoft-r\r-reference\mrsdeploy\mrsdeploy-package.md.xlf,Succeeded,Successful
localtest\20190607-034443\microsoft-r\python-reference\revoscalepy\rx-read-xdf.md.xlf,Succeeded,Successful
localtest\20190607-034443\microsoft-r\python-reference\microsoftml\featurize-image.md.xlf,Succeeded,Successful
localtest\20190607-034443\microsoft-r\operationalize\configure-admin-cli-ports.md.xlf,Succeeded,Successful
localtest\20190607-034443\microsoft-r\r-reference\revoscaler\rxdatastep.md.xlf,Succeeded,Successful
localtest\20190607-034443\microsoft-r\deployr\deployr-data-scientist-write-portable-r-code.md.xlf,Succeeded,Successful
localtest\20190607-034443\microsoft-r\deployr\deployr-administrator-getting-started.md.xlf,Succeeded,Successful
localtest\20190607-034443\microsoft-r\r-reference\revoscaler\rxgetfuzzykeys.md.xlf,Succeeded,Successful
localtest\20190607-034443\microsoft-r\r-reference\revoscaler\rxsasdata-class.md.xlf,Succeeded,Successful
localtest\20190607-034443\microsoft-r\resources-known-issues.md.xlf,Succeeded,Successful
localtest\20190607-034443\microsoft-r\r-reference\revoscaler\rxcomputecontext-class.md.xlf,Succeeded,Successful
localtest\20190607-034443\microsoft-r\r-reference\revoscaler\rxtexttoxdf.md.xlf,Succeeded,Successful
localtest\20190607-034443\microsoft-r\r-reference\revoscaler\rxkmeans.md.xlf,Succeeded,Successful
localtest\20190607-034443\microsoft-r\install\r-server-install-hadoop-yarnqueueusage.md.xlf,Succeeded,Successful
localtest\20190607-034443\microsoft-r\r-reference\revoscaler\rxfindpackage.md.xlf,Succeeded,Successful
localtest\20190607-034443\microsoft-r\r-reference\revoscaler\rxexecby.md.xlf,Succeeded,Successful
localtest\20190607-034443\microsoft-r\install\machine-learning-server-linux-packages.md.xlf,Succeeded,Successful
localtest\20190607-034443\microsoft-r\r-reference\microsoftml\selectfeatures.md.xlf,Succeeded,Successful
localtest\20190607-034443\microsoft-r\r-reference\microsoftml\mlmodel.md.xlf,Succeeded,Successful
localtest\20190607-034443\microsoft-r\r-reference\revoscaler\rxodbcdata-class.md.xlf,Succeeded,Successful
localtest\20190607-034443\microsoft-r\r-reference\mrsdeploy\createsnapshot.md.xlf,Succeeded,Successful
localtest\20190607-034443\microsoft-r\install\machine-learning-server-windows-install.md.xlf,Succeeded,Successful
localtest\20190607-034443\microsoft-r\deployr\deployr-tools-and-samples.md.xlf,Succeeded,Successful
localtest\20190607-034443\microsoft-r\r-reference\mrsdeploy\resume.md.xlf,Succeeded,Successful
localtest\20190607-034443\microsoft-r\deployr\deployr-data-scientist-getting-started.md.xlf,Succeeded,Successful
localtest\20190607-034443\microsoft-r\python-reference\revoscalepy\rx-hadoop-remove.md.xlf,Succeeded,Successful
localtest\20190607-034443\microsoft-r\r-reference\introducing-r-server-r-package-reference.md.xlf,Succeeded,Successful
localtest\20190607-034443\microsoft-r\python-reference\microsoftml\rx-logistic-regression.md.xlf,Succeeded,Successful
localtest\20190607-034443\microsoft-r\r\how-to-revoscaler-data-sort.md.xlf,Succeeded,Successful
localtest\20190607-034443\microsoft-r\r-reference\mrsdeploy\deleteremotefile.md.xlf,Succeeded,Successful
localtest\20190607-034443\microsoft-r\r\how-to-developer-write-custom-analysis.md.xlf,Succeeded,Successful
localtest\20190607-034443\microsoft-r\python-reference\revoscalepy\rx-predict.md.xlf,Succeeded,Successful
localtest\20190607-034443\microsoft-r\operationalize\configure-r-execution-security.md.xlf,Succeeded,Successful
localtest\20190607-034443\microsoft-r\r-reference\revoscaler\rxchisquaredtest.md.xlf,Succeeded,Successful
localtest\20190607-034443\microsoft-r\deployr\deployr-repository-manager-testing-debugging-scripts.md.xlf,Succeeded,Successful
localtest\20190607-034443\microsoft-r\r\tutorial-revoscaler-large-data-loan.md.xlf,Succeeded,Successful
localtest\20190607-034443\microsoft-r\install\machine-learning-server-hadoop-uninstall.md.xlf,Succeeded,Successful
localtest\20190607-034443\microsoft-r\r-reference\revoscaler\rxteradata-class.md.xlf,Succeeded,Successful
localtest\20190607-034443\microsoft-r\python-reference\revoscalepy\rx-read-object.md.xlf,Succeeded,Successful
localtest\20190607-034443\microsoft-r\python-reference\revoscalepy\rx-hadoop-command.md.xlf,Succeeded,Successful
localtest\20190607-034443\microsoft-r\python-reference\microsoftml\rx-predict.md.xlf,Succeeded,Successful
localtest\20190607-034443\microsoft-r\install\r-server-install-hadoop-manual-package.md.xlf,Succeeded,Successful
localtest\20190607-034443\microsoft-r\r-reference\revoscaler\rxpairwisecrosstab.md.xlf,Succeeded,Successful
localtest\20190607-034443\microsoft-r\python\python-samples.md.xlf,Succeeded,Successful
localtest\20190607-034443\microsoft-r\python-reference\revoscalepy\rx-get-pyspark-connection.md.xlf,Succeeded,Successful
localtest\20190607-034443\microsoft-r\python-reference\revoscalepy\rx-dforest.md.xlf,Succeeded,Successful
localtest\20190607-034443\microsoft-r\python-reference\microsoftml\rx-fast-trees.md.xlf,Succeeded,Successful
localtest\20190607-034443\microsoft-r\r-reference\microsoftml\fastlinear.md.xlf,Succeeded,Successful
localtest\20190607-034443\microsoft-r\r-reference\sqlrutils\getinputparameters.md.xlf,Succeeded,Successful
localtest\20190607-034443\microsoft-r\whats-new-in-machine-learning-server.md.xlf,Succeeded,Successful
localtest\20190607-034443\microsoft-r\python-reference\revoscalepy\rx-spark-cache-data.md.xlf,Succeeded,Successful
localtest\20190607-034443\microsoft-r\r-reference\revoscaler\rxtweedie.md.xlf,Succeeded,Successful
localtest\20190607-034443\microsoft-r\operationalize\configure-machine-learning-server-enterprise.md.xlf,Succeeded,Successful
localtest\20190607-034443\microsoft-r\python\quickstart-binary-classification-with-microsoftml.md.xlf,Succeeded,Successful
localtest\20190607-034443\microsoft-r\r\sample-microsoftml.md.xlf,Succeeded,Successful
localtest\20190607-034443\microsoft-r\r-reference\revoscaler\rxremotefilepath.md.xlf,Succeeded,Successful
localtest\20190607-034443\microsoft-r\r-reference\revoscaler\rxodbcdata.md.xlf,Succeeded,Successful
localtest\20190607-034443\microsoft-r\r-reference\microsoftml\mincount.md.xlf,Succeeded,Successful
localtest\20190607-034443\microsoft-r\python-reference\revoscalepy\rx-hadoop-copy-from-local.md.xlf,Succeeded,Successful
localtest\20190607-034443\microsoft-r\operationalize\how-to-consume-web-service-interact-in-r.md.xlf,Succeeded,Successful
localtest\20190607-034443\microsoft-r\operationalize\configure-authentication.md.xlf,Succeeded,Successful
localtest\20190607-034443\microsoft-r\r-reference\revoscaler\rxgetfuzzydist.md.xlf,Succeeded,Successful
localtest\20190607-034443\microsoft-r\operationalize\configure-admin-cli-stop-start.md.xlf,Succeeded,Successful
localtest\20190607-034443\microsoft-r\r-reference\revoscaler\rxGetVarInfo.md.xlf,Succeeded,Successful
localtest\20190607-034443\microsoft-r\deployr\deployr-admin-managing-r-boundaries.md.xlf,Succeeded,Successful
localtest\20190607-034443\microsoft-r\install\r-server-vm-data-science.md.xlf,Succeeded,Successful
localtest\20190607-034443\microsoft-r\r-reference\olapr\executemd.md.xlf,Succeeded,Successful
localtest\20190607-034443\microsoft-r\python-reference\revoscalepy\rx-hadoop-file-exists.md.xlf,Succeeded,Successful
localtest\20190607-034443\microsoft-r\r-reference\revoscaler\revoscaler-deprecated.md.xlf,Succeeded,Successful
localtest\20190607-034443\microsoft-r\deployr\deployr-security-authentication.md.xlf,Succeeded,Successful
localtest\20190607-034443\microsoft-r\r-reference\revoscaler\rxcrosstabs.md.xlf,Succeeded,Successful
localtest\20190607-034443\microsoft-r\r-reference\sqlrutils\inputparameter.md.xlf,Succeeded,Successful
localtest\20190607-034443\microsoft-r\r-reference\revoscaler\rxgetnodeinfo.md.xlf,Succeeded,Successful
localtest\20190607-034443\microsoft-r\deployr\deployr-admin-hadoop-impersonation.md.xlf,Succeeded,Successful
localtest\20190607-034443\microsoft-r\install\python-libraries-interpreter.md.xlf,Succeeded,Successful
localtest\20190607-034443\microsoft-r\install\machine-learning-server-cloudera-install.md.xlf,Succeeded,Successful
localtest\20190607-034443\microsoft-r\r\how-to-revoscaler-sql-server.md.xlf,Succeeded,Successful
localtest\20190607-034443\microsoft-r\r-reference\revoscaler\rxspark.md.xlf,Succeeded,Successful
localtest\20190607-034443\microsoft-r\python-reference\microsoftml\sgd-optimizer.md.xlf,Succeeded,Successful
localtest\20190607-034443\microsoft-r\operationalize\python\how-to-create-manage-session-pools.md.xlf,Succeeded,Successful
localtest\20190607-034443\microsoft-r\resources-opting-out.md.xlf,Succeeded,Successful
localtest\20190607-034443\microsoft-r\r-reference\revopemar\pemabygroup-class.md.xlf,Succeeded,Successful
localtest\20190607-034443\microsoft-r\r\how-to-revoscaler-distributed-computing-compute-context.md.xlf,Succeeded,Successful
localtest\20190607-034443\microsoft-r\r-reference\revoscaler\rxcomputecontext.md.xlf,Succeeded,Successful
localtest\20190607-034443\microsoft-r\r-reference\microsoftml\ngram.md.xlf,Succeeded,Successful
localtest\20190607-034443\microsoft-r\r-reference\mrsdeploy\getremotefile.md.xlf,Succeeded,Successful
localtest\20190607-034443\microsoft-r\operationalize\quickstart-publish-r-web-service.md.xlf,Succeeded,Successful
localtest\20190607-034443\microsoft-r\operationalize\how-to-connect-log-in-with-mrsdeploy.md.xlf,Succeeded,Successful
localtest\20190607-034443\microsoft-r\deployr\deployr-admin-managing-the-grid.md.xlf,Succeeded,Successful
localtest\20190607-034443\microsoft-r\r-reference\mrsdeploy\print.snapshotDetails.md.xlf,Succeeded,Successful
localtest\20190607-034443\microsoft-r\install\r-server-install.md.xlf,Succeeded,Successful
localtest\20190607-034443\microsoft-r\python-reference\revoscalepy\rx-delete-object.md.xlf,Succeeded,Successful
localtest\20190607-034443\microsoft-r\r-reference\revoscaler\rxhadoopmr.md.xlf,Succeeded,Successful
localtest\20190607-034443\microsoft-r\operationalize\configure-remote-database-to-operationalize.md.xlf,Succeeded,Successful
localtest\20190607-034443\microsoft-r\operationalize\how-to-consume-web-service-asynchronously-batch.md.xlf,Succeeded,Successful
localtest\20190607-034443\microsoft-r\r-reference\mrsdeploy\remoteloginaad.md.xlf,Succeeded,Successful
localtest\20190607-034443\microsoft-r\python-reference\microsoftml\rx-oneclass-svm.md.xlf,Succeeded,Successful
localtest\20190607-034443\microsoft-r\python-reference\microsoftml\hinge-loss.md.xlf,Succeeded,Successful
localtest\20190607-034443\README.md.xlf,Succeeded,Successful
localtest\20190607-034443\microsoft-r\r-reference\microsoftml\neuralnet.md.xlf,Succeeded,Successful
localtest\20190607-034443\microsoft-r\resources-more.md.xlf,Succeeded,Successful
localtest\20190607-034443\microsoft-r\r-reference\olapr\explore.md.xlf,Succeeded,Successful
localtest\20190607-034443\microsoft-r\r-reference\microsoftml\rxfastlinear.md.xlf,Succeeded,Successful
localtest\20190607-034443\microsoft-r\python-reference\revoscalepy\rx-get-job-output.md.xlf,Succeeded,Successful
localtest\20190607-034443\microsoft-r\install\r-server-install-linux-uninstall.md.xlf,Succeeded,Successful
localtest\20190607-034443\microsoft-r\python-reference\revoscalepy\RxRemoteJobStatus.md.xlf,Succeeded,Successful
localtest\20190607-034443\microsoft-r\r-reference\revoscaler\rximport.md.xlf,Succeeded,Successful
localtest\20190607-034443\microsoft-r\r-reference\revoscaler\rxexec.md.xlf,Succeeded,Successful
localtest\20190607-034443\microsoft-r\r-reference\revoscaler\rxsummary.md.xlf,Succeeded,Successful
localtest\20190607-034443\microsoft-r\r-reference\revoscaler\rxtransform.md.xlf,Succeeded,Successful
localtest\20190607-034443\microsoft-r\operationalize\python\quickstart-deploy-python-web-service.md.xlf,Succeeded,Successful
localtest\20190607-034443\microsoft-r\python-reference\microsoftml\gpu-math.md.xlf,Succeeded,Successful
localtest\20190607-034443\microsoft-r\python-reference\revoscalepy\rx-set-compute-context.md.xlf,Succeeded,Successful
localtest\20190607-034443\microsoft-r\install\machine-learning-server-hadoop-install.md.xlf,Succeeded,Successful
localtest\20190607-034443\microsoft-r\python-reference\revoscalepy\rx-get-job-status.md.xlf,Succeeded,Successful
localtest\20190607-034443\microsoft-r\python-reference\azureml-model-management-sdk\deploy-client.md.xlf,Succeeded,Successful
localtest\20190607-034443\microsoft-r\python-reference\revoscalepy\RxSparkDataFrame.md.xlf,Succeeded,Successful
localtest\20190607-034443\microsoft-r\deployr\deployr-security-account-locking.md.xlf,Succeeded,Successful
localtest\20190607-034443\microsoft-r\python-reference\revoscalepy\rx-wait-for-job.md.xlf,Succeeded,Successful
localtest\20190607-034443\microsoft-r\r\quickstart-run-r-code.md.xlf,Succeeded,Successful
localtest\20190607-034443\microsoft-r\r-reference\revoscaler\rxfindfileinpath.md.xlf,Succeeded,Successful
localtest\20190607-034443\microsoft-r\python-reference\revoscalepy\rx-dtree.md.xlf,Succeeded,Successful
localtest\20190607-034443\microsoft-r\r\how-to-revoscaler-distributed-computing-parallel-foreach.md.xlf,Succeeded,Successful
localtest\20190607-034443\microsoft-r\r-reference\revoscaler\rxlocalseq-class.md.xlf,Succeeded,Successful
localtest\20190607-034443\microsoft-r\python\how-to-revoscalepy-jupyter-nb-config.md.xlf,Succeeded,Successful
localtest\20190607-034443\microsoft-r\r-reference\mrsdeploy\serviceTypes.md.xlf,Succeeded,Successful
localtest\20190607-034443\microsoft-r\r-client\what-is-microsoft-r-client.md.xlf,Succeeded,Successful
localtest\20190607-034443\microsoft-r\python-reference\microsoftml\n-gram-hash.md.xlf,Succeeded,Successful
localtest\20190607-034443\microsoft-r\r-reference\revoscaler\rxgetinfoxdf.md.xlf,Succeeded,Successful
localtest\20190607-034443\microsoft-r\install\machine-learning-server-windows-offline.md.xlf,Succeeded,Successful
localtest\20190607-034443\microsoft-r\python-reference\microsoftml\select-columns.md.xlf,Succeeded,Successful
localtest\20190607-034443\microsoft-r\r-reference\revoscaler\rxmakernodenames.md.xlf,Succeeded,Successful
localtest\20190607-034443\microsoft-r\r-reference\revoscaler\rxdistributejob.md.xlf,Succeeded,Successful
localtest\20190607-034443\microsoft-r\r\how-to-revoscaler-data-sql.md.xlf,Succeeded,Successful
localtest\20190607-034443\microsoft-r\r-reference\revoscaler\rxrng.md.xlf,Succeeded,Successful
localtest\20190607-034443\microsoft-r\r-reference\revoscaler\rxsetvarinfoxdf.md.xlf,Succeeded,Successful
localtest\20190607-034443\microsoft-r\r-reference\revoscaler\rxdistributedhpa-class.md.xlf,Succeeded,Successful
localtest\20190607-034443\microsoft-r\r-reference\revoscaler\prune.rxDTree.md.xlf,Succeeded,Successful
localtest\20190607-034443\microsoft-r\r-reference\revoscaler\rxinteradata-class.md.xlf,Succeeded,Successful
localtest\20190607-034443\microsoft-r\install\r-server-install-linux-server-805.md.xlf,Succeeded,Successful
localtest\20190607-034443\microsoft-r\install\machine-learning-server-windows-uninstall.md.xlf,Succeeded,Successful
localtest\20190607-034443\microsoft-r\r\how-to-revoscaler-data-transform.md.xlf,Succeeded,Successful
localtest\20190607-034443\microsoft-r\r-reference\revopemar\pemabygroup.md.xlf,Succeeded,Successful
localtest\20190607-034443\microsoft-r\r-reference\microsoftml\rxensemble.md.xlf,Succeeded,Successful
localtest\20190607-034443\microsoft-r\r-reference\revoscaler\rxdforestutils.md.xlf,Succeeded,Successful
localtest\20190607-034443\microsoft-r\deployr\deployr-application-developer-getting-started.md.xlf,Succeeded,Successful
localtest\20190607-034443\microsoft-r\r\how-to-execute-code-remotely.md.xlf,Succeeded,Successful
localtest\20190607-034443\microsoft-r\python-reference\revoscalepy\rx-hadoop-list-files.md.xlf,Succeeded,Successful
localtest\20190607-034443\microsoft-r\install\r-server-install-cloudera-rollback.md.xlf,Succeeded,Successful
localtest\20190607-034443\microsoft-r\r-reference\microsoftml\dropColumns.md.xlf,Succeeded,Successful
localtest\20190607-034443\microsoft-r\deployr\deployr-client-library.md.xlf,Succeeded,Successful
localtest\20190607-034443\microsoft-r\python-reference\microsoftml\custom.md.xlf,Succeeded,Successful
localtest\20190607-034443\microsoft-r\r-reference\sqlrutils\sqlrutils.md.xlf,Succeeded,Successful
localtest\20190607-034443\microsoft-r\python-reference\revoscalepy\rx-hadoop-remove-dir.md.xlf,Succeeded,Successful
localtest\20190607-034443\microsoft-r\r-reference\revoscaler\rxlocatefile.md.xlf,Succeeded,Successful
localtest\20190607-034443\microsoft-r\python-reference\azureml-model-management-sdk\service-definition.md.xlf,Succeeded,Successful
localtest\20190607-034443\microsoft-r\r\tutorial-revoscaler-data-import-transform.md.xlf,Succeeded,Successful
localtest\20190607-034443\microsoft-r\deployr\deployr-faq.md.xlf,Succeeded,Successful
localtest\20190607-034443\microsoft-r\r-reference\revoscaler\rxsqlserverdroptable.md.xlf,Succeeded,Successful
localtest\20190607-034443\microsoft-r\operationalize\configure-machine-learning-server-one-box.md.xlf,Succeeded,Successful
localtest\20190607-034443\microsoft-r\install\machine-learning-server-on-data-science-vm.md.xlf,Succeeded,Successful
localtest\20190607-034443\microsoft-r\r-reference\revoscaler\rxopen-methods.md.xlf,Succeeded,Successful
localtest\20190607-034443\microsoft-r\python-reference\revoscalepy\rx-data-step.md.xlf,Succeeded,Successful
localtest\20190607-034443\microsoft-r\r-reference\revoscaler\rxlineplot.md.xlf,Succeeded,Successful
localtest\20190607-034443\microsoft-r\resources-servicing-support.md.xlf,Succeeded,Successful
localtest\20190607-034443\microsoft-r\python-reference\revoscalepy\RxNativeFileSystem.md.xlf,Succeeded,Successful
localtest\20190607-034443\microsoft-r\r-reference\revoscaler\rxtextdata.md.xlf,Succeeded,Successful
localtest\20190607-034443\microsoft-r\r-reference\revopemar\pemacompute.md.xlf,Succeeded,Successful
localtest\20190607-034443\microsoft-r\python-reference\revoscalepy\rx-lin-mod.md.xlf,Succeeded,Successful
localtest\20190607-034443\microsoft-r\deployr\deployr-admin-console-permissions-with-roles.md.xlf,Succeeded,Successful
localtest\20190607-034443\microsoft-r\r-reference\revoscaler\rxmultitest.md.xlf,Succeeded,Successful
localtest\20190607-034443\microsoft-r\python-reference\microsoftml\categorical-hash.md.xlf,Succeeded,Successful
localtest\20190607-034443\microsoft-r\python-reference\microsoftml\featurize-text.md.xlf,Succeeded,Successful
localtest\20190607-034443\microsoft-r\operationalize\python\how-to-authenticate-in-python.md.xlf,Succeeded,Successful
localtest\20190607-034443\microsoft-r\r-reference\mrsdeploy\difflocalremote.md.xlf,Succeeded,Successful
localtest\20190607-034443\microsoft-r\deployr\deployr-api-reference.md.xlf,Succeeded,Successful
localtest\20190607-034443\microsoft-r\r-reference\microsoftml\getsentiment.md.xlf,Succeeded,Successful
localtest\20190607-034443\microsoft-r\r-client\install-uninstall.md.xlf,Succeeded,Successful
localtest\20190607-034443\microsoft-r\r-reference\revopemar\pemamean-class.md.xlf,Succeeded,Successful
localtest\20190607-034443\microsoft-r\deployr\deployr-installation.md.xlf,Succeeded,Successful
localtest\20190607-034443\microsoft-r\install\r-server-install-linux-offline.md.xlf,Succeeded,Successful
localtest\20190607-034443\microsoft-r\r-reference\revoscaler\rxlaunchclustertaskmanager.md.xlf,Succeeded,Successful
localtest\20190607-034443\microsoft-r\install\r-server-install-hadoop-command-line.md.xlf,Succeeded,Successful
localtest\20190607-034443\microsoft-r\r\scaler-data-merge.md.xlf,Succeeded,Successful
localtest\20190607-034443\microsoft-r\r-reference\mrsdeploy\remotecommandline.md.xlf,Succeeded,Successful
localtest\20190607-034443\microsoft-r\r-reference\revoscaler\rxhistogram.md.xlf,Succeeded,Successful
localtest\20190607-034443\microsoft-r\python-reference\revoscalepy\rx-get-compute-context.md.xlf,Succeeded,Successful
localtest\20190607-034443\microsoft-r\python-reference\revoscalepy\RxSqlServerData.md.xlf,Succeeded,Successful
localtest\20190607-034443\microsoft-r\r-reference\revoscaler\rxaddinheritance.md.xlf,Succeeded,Successful
localtest\20190607-034443\microsoft-r\deployr\deployr-common-administration-tasks.md.xlf,Succeeded,Successful
localtest\20190607-034443\microsoft-r\install\machine-learning-server-linux-offline.md.xlf,Succeeded,Successful
localtest\20190607-034443\microsoft-r\r-reference\revoscaler\rxsetcomputecontext.md.xlf,Succeeded,Successful
localtest\20190607-034443\microsoft-r\r-reference\revoscaler\rxexecbypartition.md.xlf,Succeeded,Successful
localtest\20190607-034443\microsoft-r\r-reference\mrsdeploy\getremoteworkspace.md.xlf,Succeeded,Successful
localtest\20190607-034443\microsoft-r\r-reference\revoscaler\rxnaivebayes.md.xlf,Succeeded,Successful
localtest\20190607-034443\microsoft-r\python-reference\azureml-model-management-sdk\realtime-definition.md.xlf,Succeeded,Successful
localtest\20190607-034443\microsoft-r\r-reference\revoscaler\rxroc.md.xlf,Succeeded,Successful
localtest\20190607-034443\microsoft-r\python-reference\microsoftml\mkl-math.md.xlf,Succeeded,Successful
localtest\20190607-034443\microsoft-r\install\r-server-install-teradata-client.md.xlf,Succeeded,Successful
localtest\20190607-034443\microsoft-r\install\microsoftml-install-pretrained-models.md.xlf,Succeeded,Successful
localtest\20190607-034443\microsoft-r\deployr\deployr-admin-diagnostics-troubleshooting.md.xlf,Succeeded,Successful
localtest\20190607-034443\microsoft-r\python-reference\revoscalepy\RxRemoteComputeContext.md.xlf,Succeeded,Successful
localtest\20190607-034443\microsoft-r\install\r-server-install-hadoop.md.xlf,Succeeded,Successful
localtest\20190607-034443\microsoft-r\r-reference\revoscaler\rxremovepackages.md.xlf,Succeeded,Successful
localtest\20190607-034443\microsoft-r\install\r-server-install-cloudera-901.md.xlf,Succeeded,Successful
localtest\20190607-034443\microsoft-r\python-reference\revoscalepy\rx-get-info.md.xlf,Succeeded,Successful
localtest\20190607-034443\microsoft-r\r-reference\sqlrutils\setinputdataquery.md.xlf,Succeeded,Successful
localtest\20190607-034443\microsoft-r\operationalize\concept-what-are-web-services.md.xlf,Succeeded,Successful
localtest\20190607-034443\microsoft-r\install\r-server-install-uninstall-upgrade.md.xlf,Succeeded,Successful
localtest\20190607-034443\microsoft-r\r-reference\olapr\execute2d.md.xlf,Succeeded,Successful
localtest\20190607-034443\microsoft-r\r-reference\revoscaler\airlinedata87to08.md.xlf,Succeeded,Successful
localtest\20190607-034443\microsoft-r\r-reference\revoscaler\revoscaler.md.xlf,Succeeded,Successful
localtest\20190607-034443\microsoft-r\r\how-to-introduction.md.xlf,Succeeded,Successful
localtest\20190607-034443\microsoft-r\r-reference\revoscaler\rxpackage.md.xlf,Succeeded,Successful
localtest\20190607-034443\microsoft-r\python-reference\revoscalepy\rx-write-object.md.xlf,Succeeded,Successful
localtest\20190607-034443\microsoft-r\operationalize\configure-machine-learning-server-enterprise-9-2.md.xlf,Succeeded,Successful
localtest\20190607-034443\microsoft-r\r-reference\microsoftml\rxfeaturize.md.xlf,Succeeded,Successful
localtest\20190607-034443\microsoft-r\python-reference\microsoftml\rx-fast-linear.md.xlf,Succeeded,Successful
localtest\20190607-034443\microsoft-r\python-reference\revoscalepy\rx-logit.md.xlf,Succeeded,Successful
localtest\20190607-034443\microsoft-r\operationalize\configure-admin-cli-local-password.md.xlf,Succeeded,Successful
localtest\20190607-034443\microsoft-r\deployr\deployr-whats-new.md.xlf,Succeeded,Successful
localtest\20190607-034443\microsoft-r\python-reference\revoscalepy\rx-btrees.md.xlf,Succeeded,Successful
localtest\20190607-034443\microsoft-r\r-reference\revoscaler\rxsasdata.md.xlf,Succeeded,Successful
localtest\20190607-034443\microsoft-r\r-reference\revoscaler\revoscaler-sql-server-functions.md.xlf,Succeeded,Successful
localtest\20190607-034443\microsoft-r\r-reference\revoscaler\claims.md.xlf,Succeeded,Successful
localtest\20190607-034443\microsoft-r\deployr\deployr-security-project-access.md.xlf,Succeeded,Successful
localtest\20190607-034443\microsoft-r\r-reference\revoscaler\rxdforest.md.xlf,Succeeded,Successful
localtest\20190607-034443\microsoft-r\install\r-server-install-linux-manage-install.md.xlf,Succeeded,Successful
localtest\20190607-034443\microsoft-r\r-reference\revoscaler\as.kmeans.md.xlf,Succeeded,Successful
localtest\20190607-034443\microsoft-r\r-reference\microsoftml\rxlogisticregression.md.xlf,Succeeded,Successful
localtest\20190607-034443\microsoft-r\r-reference\revoscaler\rxfilesystem.md.xlf,Succeeded,Successful
localtest\20190607-034443\microsoft-r\r-reference\revoscaler\rxlocalseq.md.xlf,Succeeded,Successful
localtest\20190607-034443\microsoft-r\install\r-server-install-cloudera.md.xlf,Succeeded,Successful
localtest\20190607-034443\microsoft-r\r-reference\revoscaler\rxhadoopcommand.md.xlf,Succeeded,Successful
localtest\20190607-034443\microsoft-r\r-reference\revopemar\pemabaseclass-class.md.xlf,Succeeded,Successful
localtest\20190607-034443\microsoft-r\r-reference\mrsdeploy\remotelogout.md.xlf,Succeeded,Successful
localtest\20190607-034443\microsoft-r\python-reference\revoscalepy\RxTextData.md.xlf,Succeeded,Successful
localtest\20190607-034443\microsoft-r\python-reference\revoscalepy\rx-get-var-info.md.xlf,Succeeded,Successful
localtest\20190607-034443\microsoft-r\r-reference\revoscaler\rxlocalparallel-class.md.xlf,Succeeded,Successful
localtest\20190607-034443\microsoft-r\r-reference\microsoftml\kernel.md.xlf,Succeeded,Successful
localtest\20190607-034443\microsoft-r\r-reference\revoscaler\rxgetpartitions.md.xlf,Succeeded,Successful
localtest\20190607-034443\microsoft-r\r\tutorial-r-to-revoscaler.md.xlf,Succeeded,Successful
localtest\20190607-034443\microsoft-r\operationalize\configure-cors.md.xlf,Succeeded,Successful
localtest\20190607-034443\microsoft-r\r-reference\microsoftml\rxneuralnet.md.xlf,Succeeded,Successful
localtest\20190607-034443\microsoft-r\deployr\deployr-admin-install-in-cloud.md.xlf,Succeeded,Successful
localtest\20190607-034443\microsoft-r\operationalize\configure-evaluate-capacity.md.xlf,Succeeded,Successful
localtest\20190607-034443\microsoft-r\r-reference\revoioq.md.xlf,Succeeded,Successful
localtest\20190607-034443\microsoft-r\python-reference\microsoftml\predefined.md.xlf,Succeeded,Successful
localtest\20190607-034443\microsoft-r\r-reference\revoscaler\rxgetjobs.md.xlf,Succeeded,Successful
localtest\20190607-034443\microsoft-r\operationalize\configure-machine-learning-server-one-box-9-2.md.xlf,Succeeded,Successful
localtest\20190607-034443\microsoft-r\r-reference\revoscaler\rxsqllibpaths.md.xlf,Succeeded,Successful
localtest\20190607-034443\microsoft-r\deployr\deployr-admin-java-version.md.xlf,Succeeded,Successful
localtest\20190607-034443\microsoft-r\r\how-to-revoscaler-data-split.md.xlf,Succeeded,Successful
localtest\20190607-034443\microsoft-r\r\how-to-revoscaler-visualize-huge-data-sets.md.xlf,Succeeded,Successful
localtest\20190607-034443\microsoft-r\r-reference\mrsdeploy\deleteservice.md.xlf,Succeeded,Successful
localtest\20190607-034443\microsoft-r\python-reference\microsoftml\rx-fast-forest.md.xlf,Succeeded,Successful
localtest\20190607-034443\microsoft-r\r-reference\revoscaler\rxquantile.md.xlf,Succeeded,Successful
localtest\20190607-034443\microsoft-r\deployr\deployr-repository-manager-files.md.xlf,Succeeded,Successful
localtest\20190607-034443\microsoft-r\r\how-to-revoscaler-teradata.md.xlf,Succeeded,Successful
localtest\20190607-034443\microsoft-r\r\how-to-developer-write-chunking-algorithms.md.xlf,Succeeded,Successful
localtest\20190607-034443\microsoft-r\r\how-to-revoscaler-data-source.md.xlf,Succeeded,Successful
localtest\20190607-034443\microsoft-r\python-reference\revoscalepy\RxSpark.md.xlf,Succeeded,Successful
localtest\20190607-034443\microsoft-r\python-reference\revoscalepy\rx-spark-list-data.md.xlf,Succeeded,Successful
localtest\20190607-034443\microsoft-r\r-reference\revoscaler\rxstepplot.md.xlf,Succeeded,Successful
localtest\20190607-034443\microsoft-r\install\r-server-install-linux-hadoop-packages.md.xlf,Succeeded,Successful
localtest\20190607-034443\microsoft-r\r-reference\mrsdeploy\summary.snapshotDetails.md.xlf,Succeeded,Successful
localtest\20190607-034443\microsoft-r\index.yml.xlf,Succeeded,Successful
localtest\20190607-034443\microsoft-r\r-reference\revoscaler\revoscaler-compared-to-base-r.md.xlf,Succeeded,Successful
localtest\20190607-034443\microsoft-r\r-reference\revoscaler\rxforeachdopar-class.md.xlf,Succeeded,Successful
localtest\20190607-034443\microsoft-r\r-reference\revoscaler\rxlorenz.md.xlf,Succeeded,Successful
localtest\20190607-034443\microsoft-r\r\tutorial-large-data-tips.md.xlf,Succeeded,Successful
localtest\20190607-034443\microsoft-r\operationalize\configure-manage-r-packages.md.xlf,Succeeded,Successful
localtest\20190607-034443\microsoft-r\r\tutorial-revoscaler-large-data-airline.md.xlf,Succeeded,Successful
localtest\20190607-034443\microsoft-r\r-reference\microsoftml\extractpixels.md.xlf,Succeeded,Successful
localtest\20190607-034443\microsoft-r\python-reference\microsoftml\clr-math.md.xlf,Succeeded,Successful
localtest\20190607-034443\microsoft-r\python-reference\azureml-model-management-sdk\operationalization-definition.md.xlf,Succeeded,Successful
localtest\20190607-034443\microsoft-r\r\how-to-revoscaler-decision-tree.md.xlf,Succeeded,Successful
localtest\20190607-034443\microsoft-r\r-reference\microsoftml\categorical.md.xlf,Succeeded,Successful
localtest\20190607-034443\microsoft-r\python-reference\revoscalepy\rx-predict-default.md.xlf,Succeeded,Successful
localtest\20190607-034443\microsoft-r\r-reference\revoscaler\rxgetavailablenodes.md.xlf,Succeeded,Successful
localtest\20190607-034443\microsoft-r\python-reference\microsoftml\smoothed-hinge-loss.md.xlf,Succeeded,Successful
localtest\20190607-034443\microsoft-r\python-reference\revoscalepy\RxOrcData.md.xlf,Succeeded,Successful
localtest\20190607-034443\microsoft-r\r\how-to-developer-pmml.md.xlf,Succeeded,Successful
localtest\20190607-034443\microsoft-r\r-reference\revoscaler\rxinteradata.md.xlf,Succeeded,Successful
localtest\20190607-034443\microsoft-r\r-reference\revoscaler\rxteradatasql.md.xlf,Succeeded,Successful
localtest\20190607-034443\microsoft-r\install\machine-learning-server-install.md.xlf,Succeeded,Successful
localtest\20190607-034443\microsoft-r\deployr\deployr-install-on-windows.md.xlf,Succeeded,Successful
localtest\20190607-034443\microsoft-r\r-reference\mrsdeploy\print.serviceDetails.md.xlf,Succeeded,Successful
localtest\20190607-034443\microsoft-r\r\how-to-revoscaler-hadoop.md.xlf,Succeeded,Successful
localtest\20190607-034443\microsoft-r\r-reference\sqlrutils\inputdata.md.xlf,Succeeded,Successful
localtest\20190607-034443\microsoft-r\r-reference\mrsdeploy\serviceOption.md.xlf,Succeeded,Successful
localtest\20190607-034443\microsoft-r\r-reference\revoscaler\airlinedemosmall.md.xlf,Succeeded,Successful
localtest\20190607-034443\microsoft-r\r-reference\revopemar\pemamean.md.xlf,Succeeded,Successful
localtest\20190607-034443\microsoft-r\r-reference\revoscaler\as.xtabs.md.xlf,Succeeded,Successful
localtest\20190607-034443\microsoft-r\deployr\deployr-about.md.xlf,Succeeded,Successful
localtest\20190607-034443\microsoft-r\r-reference\sqlrutils\registerstoredprocedure.md.xlf,Succeeded,Successful
localtest\20190607-034443\microsoft-r\r-reference\revoscaler\rxteradata.md.xlf,Succeeded,Successful
localtest\20190607-034443\microsoft-r\python-reference\microsoftml\avx-math.md.xlf,Succeeded,Successful
localtest\20190607-034443\microsoft-r\install\r-server-install-hadoop-offline.md.xlf,Succeeded,Successful
localtest\20190607-034443\microsoft-r\python-reference\revoscalepy\rx-hadoop-copy-to-local.md.xlf,Succeeded,Successful
localtest\20190607-034443\microsoft-r\install\r-server-install-linux-server.md.xlf,Succeeded,Successful
localtest\20190607-034443\microsoft-r\install\r-server-install-windows-offline.md.xlf,Succeeded,Successful
localtest\20190607-034443\microsoft-r\install\machine-learning-server-windows-commandline.md.xlf,Succeeded,Successful
localtest\20190607-034443\microsoft-r\deployr\deployr-repository-manager-about.md.xlf,Succeeded,Successful
localtest\20190607-034443\microsoft-r\python-reference\revoscalepy\rx-exec.md.xlf,Succeeded,Successful
localtest\20190607-034443\microsoft-r\r-reference\revoutils\revo-home.md.xlf,Succeeded,Successful
localtest\20190607-034443\microsoft-r\deployr\deployr-admin-scale-and-throughput.md.xlf,Succeeded,Successful
localtest\20190607-034443\microsoft-r\r-reference\revoscaler\rxgetsparklyrconnection.md.xlf,Succeeded,Successful
localtest\20190607-034443\microsoft-r\deployr\deployr-api-explorer-tool.md.xlf,Succeeded,Successful
localtest\20190607-034443\microsoft-r\r-reference\microsoftml\mutualinformation.md.xlf,Succeeded,Successful
localtest\20190607-034443\microsoft-r\python-reference\revoscalepy\RxXdfData.md.xlf,Succeeded,Successful
localtest\20190607-034443\microsoft-r\r\how-to-choose-microsoftml-algorithms-cheatsheet.md.xlf,Succeeded,Successful
localtest\20190607-034443\microsoft-r\install\r-server-install-hadoop-805.md.xlf,Succeeded,Successful
localtest\20190607-034443\microsoft-r\r-reference\revoscaler\rxriskratio.md.xlf,Succeeded,Successful
localtest\20190607-034443\microsoft-r\r-reference\revoscaler\as.rpart.md.xlf,Succeeded,Successful
localtest\20190607-034443\microsoft-r\r\how-to-revoscaler-distributed-computing-foreach.md.xlf,Succeeded,Successful
localtest\20190607-034443\microsoft-r\r-reference\revoscaler\rxcovregression.md.xlf,Succeeded,Successful
localtest\20190607-034443\microsoft-r\r-reference\revoscaler\rxnativefilesystem.md.xlf,Succeeded,Successful
localtest\20190607-034443\microsoft-r\r-reference\microsoftml\rxfastforest.md.xlf,Succeeded,Successful
localtest\20190607-034443\microsoft-r\r\rpe\revorpe-getting-started.md.xlf,Succeeded,Successful
localtest\20190607-034443\microsoft-r\r-reference\revoscaler\rxmarginals.md.xlf,Succeeded,Successful
localtest\20190607-034443\microsoft-r\deployr\deployr-install-on-linux.md.xlf,Succeeded,Successful
localtest\20190607-034443\microsoft-r\r-reference\revoscaler\rxcomparecontexts.md.xlf,Succeeded,Successful
localtest\20190607-034443\microsoft-r\r-reference\microsoftml\featurizetext.md.xlf,Succeeded,Successful
localtest\20190607-034443\microsoft-r\r-reference\revoscaler\rxremotecall.md.xlf,Succeeded,Successful
localtest\20190607-034443\microsoft-r\r-reference\mrsdeploy\DeleteServicePool.md.xlf,Succeeded,Successful
localtest\20190607-034443\microsoft-r\python-reference\revoscalepy\RxInSqlServer.md.xlf,Succeeded,Successful
localtest\20190607-034443\microsoft-r\r-reference\revoscaler\rxwriteobject.md.xlf,Succeeded,Successful
localtest\20190607-034443\microsoft-r\install\r-server-install-windows.md.xlf,Succeeded,Successful
localtest\20190607-034443\microsoft-r\r\how-to-revoscaler-linear-model.md.xlf,Succeeded,Successful
localtest\20190607-034443\microsoft-r\r-reference\revoscaler\rxPredict.rxDTree.md.xlf,Succeeded,Successful
localtest\20190607-034443\microsoft-r\python\samples-microsoftml-python.md.xlf,Succeeded,Successful
localtest\20190607-034443\microsoft-r\r-reference\mrsdeploy\listremotefiles.md.xlf,Succeeded,Successful
localtest\20190607-034443\microsoft-r\r-reference\revoscaler\rxoauthparameters.md.xlf,Succeeded,Successful
localtest\20190607-034443\microsoft-r\r-reference\revoscaler\rxremotegetid.md.xlf,Succeeded,Successful
localtest\20190607-034443\microsoft-r\r\how-to-developer-manage-threads.md.xlf,Succeeded,Successful
localtest\20190607-034443\microsoft-r\r-reference\microsoftml\microsoftml-package.md.xlf,Succeeded,Successful
localtest\20190607-034443\microsoft-r\r-reference\mrsdeploy\publishservice.md.xlf,Succeeded,Successful
localtest\20190607-034443\microsoft-r\r-reference\revoscaler\rxreadxdf.md.xlf,Succeeded,Successful
localtest\20190607-034443\microsoft-r\python-reference\revoscalepy\RxLocalSeq.md.xlf,Succeeded,Successful
localtest\20190607-034443\microsoft-r\what-is-operationalization.md.xlf,Succeeded,Successful
localtest\20190607-034443\microsoft-r\r\how-to-revoscaler-logistic-regression.md.xlf,Succeeded,Successful
localtest\20190607-034443\microsoft-r\python-reference\microsoftml\learners-object.md.xlf,Succeeded,Successful
localtest\20190607-034443\microsoft-r\r\how-to-revoscaler-generalized-linear-model.md.xlf,Succeeded,Successful
localtest\20190607-034443\microsoft-r\install\operationalize-r-server-one-box-config.md.xlf,Succeeded,Successful
localtest\20190607-034443\microsoft-r\install\r-server-install-cloudera-generate-parcel.md.xlf,Succeeded,Successful
localtest\20190607-034443\microsoft-r\python-reference\azureml-model-management-sdk\service-response.md.xlf,Succeeded,Successful
localtest\20190607-034443\microsoft-r\r-reference\mrsdeploy\GetPoolStatus.md.xlf,Succeeded,Successful
localtest\20190607-034443\microsoft-r\deployr\deployr-admin-console-database.md.xlf,Succeeded,Successful
localtest\20190607-034443\microsoft-r\python-reference\revoscalepy\RxSparkData.md.xlf,Succeeded,Successful
localtest\20190607-034443\microsoft-r\r-reference\mrsdeploy\getservice.md.xlf,Succeeded,Successful
localtest\20190607-034443\microsoft-r\operationalize\configure-https.md.xlf,Succeeded,Successful
localtest\20190607-034443\microsoft-r\r-reference\revoscaler\rxgetenablethreadpool.md.xlf,Succeeded,Successful
localtest\20190607-034443\microsoft-r\install\r-server-install-hadoop-901.md.xlf,Succeeded,Successful
localtest\20190607-034443\microsoft-r\python-reference\revoscalepy\rx-summary.md.xlf,Succeeded,Successful
localtest\20190607-034443\microsoft-r\r-reference\microsoftml\categoricalhash.md.xlf,Succeeded,Successful
localtest\20190607-034443\microsoft-r\r-reference\revoscaler\rxcube.md.xlf,Succeeded,Successful
localtest\20190607-034443\microsoft-r\deployr\deployr-repository-manager-directories.md.xlf,Succeeded,Successful
localtest\20190607-034443\microsoft-r\install\machine-learning-server-azure-vm-on-linux.md.xlf,Succeeded,Successful